com.flashforceapp.whitesoxdefault,published,managed_by_android,false,en_US; American Pro âš¾  Home Chicago (South); Flash Force Pattern,true,990000
com.flashforceapp.whitesoxaway,published,managed_by_android,false,en_US; American Pro âš¾  Away Chicago (South); Flash Force Pattern,true,990000
com.flashforceapp.whitesoxbluered,published,managed_by_android,false,en_US; American Pro âš¾  Blue Red Alternate Chicago (South); Flash Force Pattern,true,990000
com.flashforceapp.whitesoxblackwhite,published,managed_by_android,false,en_US; American Pro âš¾  Black Alternate Chicago (South); Flash Force Pattern,true,990000
com.flashforceapp.oriolesdefault,published,managed_by_android,false,en_US; American Pro âš¾  Home Baltimore; Flash Force Pattern,true,990000
com.flashforceapp.oriolesaway,published,managed_by_android,false,en_US; American Pro âš¾  Away Gray Baltimore; Flash Force Pattern,true,990000
com.flashforceapp.oriolesorange,published,managed_by_android,false,en_US; American Pro âš¾  Orange Alternate Baltimore; Flash Force Pattern,true,990000
com.flashforceapp.oriolesblack,published,managed_by_android,false,en_US; American Pro âš¾  Black Alternate Baltimore; Flash Force Pattern,true,990000
com.flashforceapp.dodgersdefault,published,managed_by_android,false,en_US; American Pro âš¾  Home Los Angeles; Flash Force Pattern,true,990000
com.flashforceapp.dodgersaway,published,managed_by_android,false,en_US; American Pro âš¾  Away Los Angeles; Flash Force Pattern,true,990000
com.flashforceapp.yankeesdefault,published,managed_by_android,false,en_US; American Pro âš¾  Home New York (Bronx); Flash Force Pattern,true,990000
com.flashforceapp.yankeesaway,published,managed_by_android,false,en_US; American Pro âš¾  Away New York (Bronx); Flash Force Pattern,true,990000
com.flashforceapp.diamondbacksdefault,published,managed_by_android,false,en_US; American Pro âš¾  Home Arizona; Flash Force Pattern,true,990000
com.flashforceapp.diamondbacksaway,published,managed_by_android,false,en_US; American Pro âš¾  Away Arizona; Flash Force Pattern,true,990000
com.flashforceapp.diamondbacksalt1,published,managed_by_android,false,en_US; American Pro âš¾  Red Alternate Arizona; Flash Force Pattern,true,990000
com.flashforceapp.diamondbacksal2,published,managed_by_android,false,en_US; American Pro âš¾  Black Alternate Arizona; Flash Force Pattern,true,990000
com.flashforceapp.rangersdefault,published,managed_by_android,false,en_US; American Pro âš¾  Home Texas; Flash Force Pattern,true,990000
com.flashforceapp.rangersaway,published,managed_by_android,false,en_US; American Pro âš¾  Away Texas; Flash Force Pattern,true,990000
com.flashforceapp.rangersalt1,published,managed_by_android,false,en_US; American Pro âš¾  Red Alternate Texas; Flash Force Pattern,true,990000
com.flashforceapp.rangersal2,published,managed_by_android,false,en_US; American Pro âš¾  Blue Alternate Texas; Flash Force Pattern,true,990000
com.flashforceapp.padresdefault,published,managed_by_android,false,en_US; American Pro âš¾  Home San Diego; Flash Force Pattern,true,990000
com.flashforceapp.padresaway,published,managed_by_android,false,en_US; American Pro âš¾  Away San Diego; Flash Force Pattern,true,990000
com.flashforceapp.padresalt1,published,managed_by_android,false,en_US; American Pro âš¾  Blue Alternate San Diego; Flash Force Pattern,true,990000
com.flashforceapp.padresal2,published,managed_by_android,false,en_US; American Pro âš¾  Sand Alternate San Diego; Flash Force Pattern,true,990000
com.flashforceapp.raysdefault,published,managed_by_android,false,en_US; American Pro âš¾  Home Tampa Bay; Flash Force Pattern,true,990000
com.flashforceapp.raysaway,published,managed_by_android,false,en_US; American Pro âš¾  Away Tampa Bay; Flash Force Pattern,true,990000
com.flashforceapp.raysalt1,published,managed_by_android,false,en_US; American Pro âš¾  Throwback Tampa Bay; Flash Force Pattern,true,990000
com.flashforceapp.raysalt2,published,managed_by_android,false,en_US; American Pro âš¾  Blue Alternate Tampa Bay; Flash Force Pattern,true,990000
com.flashforceapp.raysalt3,published,managed_by_android,false,en_US; American Pro âš¾  Lt Blue Alternate Tampa Bay; Flash Force Pattern,true,990000
com.flashforceapp.bluejaysdefault,published,managed_by_android,false,en_US; American Pro âš¾  Home Toronto; Flash Force Pattern,true,990000
com.flashforceapp.bluejaysaway,published,managed_by_android,false,en_US; American Pro âš¾  Away Toronto; Flash Force Pattern,true,990000
com.flashforceapp.bluejaysalt1,published,managed_by_android,false,en_US; American Pro âš¾  Blue Alternate Toronto; Flash Force Pattern,true,990000
com.flashforceapp.angelsdefault,published,managed_by_android,false,en_US; American Pro âš¾  Home Anaheim; Flash Force Pattern,true,990000
com.flashforceapp.angelsaway,published,managed_by_android,false,en_US; American Pro âš¾  Away Anaheim; Flash Force Pattern,true,990000
com.flashforceapp.angelsalt1,published,managed_by_android,false,en_US; American Pro âš¾  Red Alternate Anaheim; Flash Force Pattern,true,990000
com.flashforceapp.cubsdefault,published,managed_by_android,false,en_US; American Pro âš¾  Home Chicago (North); Flash Force Pattern,true,990000
com.flashforceapp.cubsaway,published,managed_by_android,false,en_US; American Pro âš¾  Away Chicago (North); Flash Force Pattern,true,990000
com.flashforceapp.cubsalt1,published,managed_by_android,false,en_US; American Pro âš¾  Blue Alternate Chicago (North); Flash Force Pattern,true,990000
com.flashforceapp.rockiesdefault,published,managed_by_android,false,en_US; American Pro âš¾  Home Colorado; Flash Force Pattern,true,990000
com.flashforceapp.rockiesaway,published,managed_by_android,false,en_US; American Pro âš¾  Away Colorado; Flash Force Pattern,true,990000
com.flashforceapp.rockiesalt1,published,managed_by_android,false,en_US; American Pro âš¾  Blue Alternate Colorado; Flash Force Pattern,true,990000
com.flashforceapp.rockiesalt2,published,managed_by_android,false,en_US; American Pro âš¾  Black Alternate Colorado; Flash Force Pattern,true,990000
com.flashforceapp.astrosdefault,published,managed_by_android,false,en_US; American Pro âš¾  Home Houston; Flash Force Pattern,true,990000
com.flashforceapp.astrosaway,published,managed_by_android,false,en_US; American Pro âš¾  Away Houston; Flash Force Pattern,true,990000
com.flashforceapp.astrosalt1,published,managed_by_android,false,en_US; American Pro âš¾  Orange Alternate Houston; Flash Force Pattern,true,990000
com.flashforceapp.redsoxdefault,published,managed_by_android,false,en_US; American Pro âš¾  Home Boston; Flash Force Pattern,true,990000
com.flashforceapp.redsoxaway,published,managed_by_android,false,en_US; American Pro âš¾  Away Boston; Flash Force Pattern,true,990000
com.flashforceapp.redsoxalt1,published,managed_by_android,false,en_US; American Pro âš¾  Red Alternate Boston; Flash Force Pattern,true,990000
com.flashforceapp.redsoxalt2,published,managed_by_android,false,en_US; American Pro âš¾  Blue Alternate Boston; Flash Force Pattern,true,990000
com.flashforceapp.brewersdefault,published,managed_by_android,false,en_US; American Pro âš¾  Home Milwaukee; Flash Force Pattern,true,990000
com.flashforceapp.brewersaway,published,managed_by_android,false,en_US; American Pro âš¾  Away Milwaukee; Flash Force Pattern,true,990000
com.flashforceapp.brewersalt1,published,managed_by_android,false,en_US; American Pro âš¾  Gold Alternate Milwaukee; Flash Force Pattern,true,990000
com.flashforceapp.brewersal2,published,managed_by_android,false,en_US; American Pro âš¾  Blue Alternate Milwaukee; Flash Force Pattern,true,990000
com.flashforceapp.brewersalt4,published,managed_by_android,false,en_US; American Pro âš¾  Striped Milwaukee; Flash Force Pattern,true,990000
com.flashforceapp.indiansdefault,published,managed_by_android,false,en_US; American Pro âš¾  Home Cleveland; Flash Force Pattern,true,990000
com.flashforceapp.indiansaway,published,managed_by_android,false,en_US; American Pro âš¾  Away Cleveland; Flash Force Pattern,true,990000
com.flashforceapp.indiansalt1,published,managed_by_android,false,en_US; American Pro âš¾  Red Alternate Cleveland; Flash Force Pattern,true,990000
com.flashforceapp.indiansalt2,published,managed_by_android,false,en_US; American Pro âš¾  Blue Alternate Cleveland; Flash Force Pattern,true,990000
com.flashforceapp.royalsdefault,published,managed_by_android,false,en_US; American Pro âš¾  Home Kansas City; Flash Force Pattern,true,990000
com.flashforceapp.royalsaway,published,managed_by_android,false,en_US; American Pro âš¾  Away Kansas City; Flash Force Pattern,true,990000
com.flashforceapp.royalsalt1,published,managed_by_android,false,en_US; American Pro âš¾  Lt Blue Alternate Kansas City; Flash Force Pattern,true,990000
com.flashforceapp.royalsalt2,published,managed_by_android,false,en_US; American Pro âš¾  Blue Alternate Kansas City; Flash Force Pattern,true,990000
com.flashforceapp.stcardinalsdefault,published,managed_by_android,false,en_US; American Pro âš¾  Home St Louis; Flash Force Pattern,true,990000
com.flashforceapp.stcardinalsaway,published,managed_by_android,false,en_US; American Pro âš¾  Away St Louis; Flash Force Pattern,true,990000
com.flashforceapp.stcardinalsalt1,published,managed_by_android,false,en_US; American Pro âš¾  Off White St Louis; Flash Force Pattern,true,990000
com.flashforceapp.marinersdefault,published,managed_by_android,false,en_US; American Pro âš¾  Home Seattle; Flash Force Pattern,true,990000
com.flashforceapp.marinersaway,published,managed_by_android,false,en_US; American Pro âš¾  Away Seattle; Flash Force Pattern,true,990000
com.flashforceapp.marinersalt1,published,managed_by_android,false,en_US; American Pro âš¾  Sunday Home Seattle; Flash Force Pattern,true,990000
com.flashforceapp.marinersgreen,published,managed_by_android,false,en_US; American Pro âš¾  Green Alternate Seattle; Flash Force Pattern,true,990000
com.flashforceapp.marinersblue,published,managed_by_android,false,en_US; American Pro âš¾  Blue Alternate Seattle; Flash Force Pattern,true,990000
com.flashforceapp.philliesdefault,published,managed_by_android,false,en_US; American Pro âš¾  Home Philadelphia; Flash Force Pattern,true,990000
com.flashforceapp.philliesaway,published,managed_by_android,false,en_US; American Pro âš¾  Away Philadelphia; Flash Force Pattern,true,990000
com.flashforceapp.philliesalt1,published,managed_by_android,false,en_US; American Pro âš¾  Cream Philadelphia; Flash Force Pattern,true,990000
com.flashforceapp.metsdefault,published,managed_by_android,false,en_US; American Pro âš¾  Home New York (Queens); Flash Force Pattern,true,990000
com.flashforceapp.metsaway,published,managed_by_android,false,en_US; American Pro âš¾  Away New York (Queens); Flash Force Pattern,true,990000
com.flashforceapp.metsalt1,published,managed_by_android,false,en_US; American Pro âš¾  Blue Alternate New York (Queens); Flash Force Pattern,true,990000
com.flashforceapp.metsalt2,published,managed_by_android,false,en_US; American Pro âš¾  Blue Gray New York (Queens); Flash Force Pattern,true,990000
com.flashforceapp.metsalt3,published,managed_by_android,false,en_US; American Pro âš¾  Brown Alternate New York (Queens); Flash Force Pattern,true,990000
com.flashforceapp.bravesdefault,published,managed_by_android,false,en_US; American Pro âš¾  Home Atlanta; Flash Force Pattern,true,990000
com.flashforceapp.bravesaway,published,managed_by_android,false,en_US; American Pro âš¾  Away Atlanta; Flash Force Pattern,true,990000
com.flashforceapp.bravesalt1,published,managed_by_android,false,en_US; American Pro âš¾  Cream Atlanta; Flash Force Pattern,true,990000
com.flashforceapp.bravesalt2,published,managed_by_android,false,en_US; American Pro âš¾  Red Alternate Atlanta; Flash Force Pattern,true,990000
com.flashforceapp.bravesalt3,published,managed_by_android,false,en_US; American Pro âš¾  Blue Alternate Atlanta; Flash Force Pattern,true,990000
com.flashforceapp.athleticsdefault,published,managed_by_android,false,en_US; American Pro âš¾  Home Oakland; Flash Force Pattern,true,990000
com.flashforceapp.athleticsaway,published,managed_by_android,false,en_US; American Pro âš¾  Away Oakland; Flash Force Pattern,true,990000
com.flashforceapp.athleticsalt1,published,managed_by_android,false,en_US; American Pro âš¾  Yellow Alternate Oakland; Flash Force Pattern,true,990000
com.flashforceapp.athleticsalt2,published,managed_by_android,false,en_US; American Pro âš¾  Green Alternate Oakland; Flash Force Pattern,true,990000
com.flashforceapp.sfgiantsdefault,published,managed_by_android,false,en_US; American Pro âš¾  Home San Francisco; Flash Force Pattern,true,990000
com.flashforceapp.sfgiantsaway,published,managed_by_android,false,en_US; American Pro âš¾  Away San Francisco; Flash Force Pattern,true,990000
com.flashforceapp.sfgiantsalt1,published,managed_by_android,false,en_US; American Pro âš¾  Orange Alternate San Francisco; Flash Force Pattern,true,990000
com.flashforceapp.sfgiantsalt2,published,managed_by_android,false,en_US; American Pro âš¾  Black Alternate San Francisco; Flash Force Pattern,true,990000
com.flashforceapp.sfgiantsalt3,published,managed_by_android,false,en_US; American Pro âš¾  Gray Alternate San Francisco; Flash Force Pattern,true,990000
com.flashforceapp.nationalsdefault,published,managed_by_android,false,en_US; American Pro âš¾  Home Washington; Flash Force Pattern,true,990000
com.flashforceapp.nationalsaway,published,managed_by_android,false,en_US; American Pro âš¾  Away Washington; Flash Force Pattern,true,990000
com.flashforceapp.nationalsalt1,published,managed_by_android,false,en_US; American Pro âš¾  Red Alternate Washington; Flash Force Pattern,true,990000
com.flashforceapp.nationalsalt2,published,managed_by_android,false,en_US; American Pro âš¾  Blue Alternate Washington; Flash Force Pattern,true,990000
com.flashforceapp.marlinsdefault,published,managed_by_android,false,en_US; American Pro âš¾  Home Miami; Flash Force Pattern,true,990000
com.flashforceapp.marlinsaway,published,managed_by_android,false,en_US; American Pro âš¾  Away Miami; Flash Force Pattern,true,990000
com.flashforceapp.marlinsalt1,published,managed_by_android,false,en_US; American Pro âš¾  Black Alternate Miami; Flash Force Pattern,true,990000
com.flashforceapp.marlinsalt2,published,managed_by_android,false,en_US; American Pro âš¾  Red Alternate Miami; Flash Force Pattern,true,990000
com.flashforceapp.tigersdefault,published,managed_by_android,false,en_US; American Pro âš¾  Home Detroit; Flash Force Pattern,true,990000
com.flashforceapp.tigersaway,published,managed_by_android,false,en_US; American Pro âš¾  Away Detroit; Flash Force Pattern,true,990000
com.flashforceapp.piratesdefault,published,managed_by_android,false,en_US; American Pro âš¾  Home Pittsburgh; Flash Force Pattern,true,990000
com.flashforceapp.piratesaway,published,managed_by_android,false,en_US; American Pro âš¾  Away Pittsburgh; Flash Force Pattern,true,990000
com.flashforceapp.piratesalt1,published,managed_by_android,false,en_US; American Pro âš¾  White Alternate Pittsburgh; Flash Force Pattern,true,990000
com.flashforceapp.piratesalt2,published,managed_by_android,false,en_US; American Pro âš¾  Black Alternate Pittsburgh; Flash Force Pattern,true,990000
com.flashforceapp.piratesalt3,published,managed_by_android,false,en_US; American Pro âš¾  Brown Alternate Pittsburgh; Flash Force Pattern,true,990000
com.flashforceapp.twinsdefault,published,managed_by_android,false,en_US; American Pro âš¾  Home Minnesota; Flash Force Pattern,true,990000
com.flashforceapp.twinsaway,published,managed_by_android,false,en_US; American Pro âš¾  Away Minnesota; Flash Force Pattern,true,990000
com.flashforceapp.twinsalt1,published,managed_by_android,false,en_US; American Pro âš¾  Striped Cream Minnesota; Flash Force Pattern,true,990000
com.flashforceapp.twinsalt2,published,managed_by_android,false,en_US; American Pro âš¾  Blue Alternate Minnesota; Flash Force Pattern,true,990000
com.flashforceapp.redsdefault,published,managed_by_android,false,en_US; American Pro âš¾  Home Cincinnati; Flash Force Pattern,true,990000
com.flashforceapp.redsaway,published,managed_by_android,false,en_US; American Pro âš¾  Away Cincinnati; Flash Force Pattern,true,990000
com.flashforceapp.redsalt1,published,managed_by_android,false,en_US; American Pro âš¾  Red Alternate Cincinnati; Flash Force Pattern,true,990000
com.flashforceapp.sharksdefault,published,managed_by_android,false,en_US; NA Pro Hockey Home San Jose; Flash Force Pattern,true,990000
com.flashforceapp.sharksaway,published,managed_by_android,false,en_US; NA Pro Hockey Away San Jose; Flash Force Pattern,true,990000
com.flashforceapp.sharksalt1,published,managed_by_android,false,en_US; NA Pro Hockey Black Alternate San Jose; Flash Force Pattern,true,990000
com.flashforceapp.redwingsdefault,published,managed_by_android,false,en_US; NA Pro Hockey Home Detroit; Flash Force Pattern,true,990000
com.flashforceapp.redwingsaway,published,managed_by_android,false,en_US; NA Pro Hockey Away Detroit; Flash Force Pattern,true,990000
com.flashforceapp.predatorsdefault,published,managed_by_android,false,en_US; NA Pro Hockey Home Nashville; Flash Force Pattern,true,990000
com.flashforceapp.predatorsaway,published,managed_by_android,false,en_US; NA Pro Hockey Away Nashville; Flash Force Pattern,true,990000
com.flashforceapp.hurricanesdefault,published,managed_by_android,false,en_US; NA Pro Hockey Home Carolina; Flash Force Pattern,true,990000
com.flashforceapp.hurricanesaway,published,managed_by_android,false,en_US; NA Pro Hockey Away Carolina; Flash Force Pattern,true,990000
com.flashforceapp.hurricanesalt1,published,managed_by_android,false,en_US; NA Pro Hockey Black Alternate Carolina; Flash Force Pattern,true,990000
com.flashforceapp.bruinsdefault,published,managed_by_android,false,en_US; NA Pro Hockey Home Boston; Flash Force Pattern,true,990000
com.flashforceapp.bruinsaway,published,managed_by_android,false,en_US; NA Pro Hockey Away Boston; Flash Force Pattern,true,990000
com.flashforceapp.bruinsalt1,published,managed_by_android,false,en_US; NA Pro Hockey Black Alternate Boston; Flash Force Pattern,true,990000
com.flashforceapp.bluejacketsdefault,published,managed_by_android,false,en_US; NA Pro Hockey Home Columbus; Flash Force Pattern,true,990000
com.flashforceapp.bluejacketsaway,published,managed_by_android,false,en_US; NA Pro Hockey Away Columbus; Flash Force Pattern,true,990000
com.flashforceapp.bluejacketsalt1,published,managed_by_android,false,en_US; NA Pro Hockey Blue Alternate Columbus; Flash Force Pattern,true,990000
com.flashforceapp.flpanthersdefault,published,managed_by_android,false,en_US; NA Pro Hockey Home Florida; Flash Force Pattern,true,990000
com.flashforceapp.flpanthersaway,published,managed_by_android,false,en_US; NA Pro Hockey Away Florida; Flash Force Pattern,true,990000
com.flashforceapp.ducksdefault,published,managed_by_android,false,en_US; NA Pro Hockey Home Anaheim; Flash Force Pattern,true,990000
com.flashforceapp.ducksaway,published,managed_by_android,false,en_US; NA Pro Hockey Away Anaheim; Flash Force Pattern,true,990000
com.flashforceapp.sabresdefault,published,managed_by_android,false,en_US; NA Pro Hockey Home Buffalo; Flash Force Pattern,true,990000
com.flashforceapp.sabresaway,published,managed_by_android,false,en_US; NA Pro Hockey Away Buffalo; Flash Force Pattern,true,990000
com.flashforceapp.sabresalt1,published,managed_by_android,false,en_US; NA Pro Hockey Yellow Alternate Buffalo; Flash Force Pattern,true,990000
com.flashforceapp.canadiensdefault,published,managed_by_android,false,en_US; NA Pro Hockey Home Montreal; Flash Force Pattern,true,990000
com.flashforceapp.canadiensaway,published,managed_by_android,false,en_US; NA Pro Hockey Away Montreal; Flash Force Pattern,true,990000
com.flashforceapp.oilsdefault,published,managed_by_android,false,en_US; NA Pro Hockey Home Edmonton; Flash Force Pattern,true,990000
com.flashforceapp.oilsaway,published,managed_by_android,false,en_US; NA Pro Hockey Away Edmonton; Flash Force Pattern,true,990000
com.flashforceapp.penguinsdefault,published,managed_by_android,false,en_US; NA Pro Hockey Home Pittsburgh; Flash Force Pattern,true,990000
com.flashforceapp.penguinsaway,published,managed_by_android,false,en_US; NA Pro Hockey Away Pittsburgh; Flash Force Pattern,true,990000
com.flashforceapp.pengiunsalt1,published,managed_by_android,false,en_US; NA Pro Hockey Yellow Alternate Pittsburgh; Flash Force Pattern,true,990000
com.flashforceapp.nyrangersdefault,published,managed_by_android,false,en_US; NA Pro Hockey Home New York (Manhattan); Flash Force Pattern,true,990000
com.flashforceapp.nyrangersaway,published,managed_by_android,false,en_US; NA Pro Hockey Away New York (Manhattan); Flash Force Pattern,true,990000
com.flashforceapp.nyrangersalt1,published,managed_by_android,false,en_US; NA Pro Hockey Black Alternate New York (Manhattan); Flash Force Pattern,true,990000
com.flashforceapp.capitalsdefault,published,managed_by_android,false,en_US; NA Pro Hockey Home Washington DC; Flash Force Pattern,true,990000
com.flashforceapp.capitalsaway,published,managed_by_android,false,en_US; NA Pro Hockey Away Washington DC; Flash Force Pattern,true,990000
com.flashforceapp.capitalsalt1,published,managed_by_android,false,en_US; NA Pro Hockey White Alternate Washington DC; Flash Force Pattern,true,990000
com.flashforceapp.bluesdefault,published,managed_by_android,false,en_US; NA Pro Hockey Home St Louis; Flash Force Pattern,true,990000
com.flashforceapp.bluesaway,published,managed_by_android,false,en_US; NA Pro Hockey Away St Louis; Flash Force Pattern,true,990000
com.flashforceapp.mapleleafsdefault,published,managed_by_android,false,en_US; NA Pro Hockey Home Toronto; Flash Force Pattern,true,990000
com.flashforceapp.mapleleafsaway,published,managed_by_android,false,en_US; NA Pro Hockey Away Toronto; Flash Force Pattern,true,990000
com.flashforceapp.mapleleafsalt1,published,managed_by_android,false,en_US; NA Pro Hockey Blue Alternate Toronto; Flash Force Pattern,true,990000
com.flashforceapp.wilddefault,published,managed_by_android,false,en_US; NA Pro Hockey Home Minnesota; Flash Force Pattern,true,990000
com.flashforceapp.wildaway,published,managed_by_android,false,en_US; NA Pro Hockey Away Minnesota; Flash Force Pattern,true,990000
com.flashforceapp.wildalt1,published,managed_by_android,false,en_US; NA Pro Hockey Black Alternate Minnesota; Flash Force Pattern,true,990000
com.flashforceapp.starsdefault,published,managed_by_android,false,en_US; NA Pro Hockey Home Dallas; Flash Force Pattern,true,990000
com.flashforceapp.starsaway,published,managed_by_android,false,en_US; NA Pro Hockey Away Dallas; Flash Force Pattern,true,990000
com.flashforceapp.wjetsdefault,published,managed_by_android,false,en_US; NA Pro Hockey Home Winnipeg; Flash Force Pattern,true,990000
com.flashforceapp.wjetsaway,published,managed_by_android,false,en_US; NA Pro Hockey Away Winnipeg; Flash Force Pattern,true,990000
com.flashforceapp.devilsdefault,published,managed_by_android,false,en_US; NA Pro Hockey Home New Jersey; Flash Force Pattern,true,990000
com.flashforceapp.devilsaway,published,managed_by_android,false,en_US; NA Pro Hockey Away New Jersey; Flash Force Pattern,true,990000
com.flashforceapp.lightningdefault,published,managed_by_android,false,en_US; NA Pro Hockey Home Tampa Bay; Flash Force Pattern,true,990000
com.flashforceapp.lightningaway,published,managed_by_android,false,en_US; NA Pro Hockey Away Tampa Bay; Flash Force Pattern,true,990000
com.flashforceapp.lightningalt1,published,managed_by_android,false,en_US; NA Pro Hockey Black Alternate Tampa Bay; Flash Force Pattern,true,990000
com.flashforceapp.kingsdefault,published,managed_by_android,false,en_US; NA Pro Hockey Home Los Angeles; Flash Force Pattern,true,990000
com.flashforceapp.kingsaway,published,managed_by_android,false,en_US; NA Pro Hockey Away Los Angeles; Flash Force Pattern,true,990000
com.flashforceapp.flamesdefault,published,managed_by_android,false,en_US; NA Pro Hockey Home Calgary; Flash Force Pattern,true,990000
com.flashforceapp.flamesaway,published,managed_by_android,false,en_US; NA Pro Hockey Away Calgary; Flash Force Pattern,true,990000
com.flashforceapp.blackhawksdefault,published,managed_by_android,false,en_US; NA Pro Hockey Home Chicago; Flash Force Pattern,true,990000
com.flashforceapp.blackhawksaway,published,managed_by_android,false,en_US; NA Pro Hockey Away Chicago; Flash Force Pattern,true,990000
com.flashforceapp.avalancedefault,published,managed_by_android,false,en_US; NA Pro Hockey Home Colorado; Flash Force Pattern,true,990000
com.flashforceapp.avalanceaway,published,managed_by_android,false,en_US; NA Pro Hockey Away Colorado; Flash Force Pattern,true,990000
com.flashforceapp.avalancealt1,published,managed_by_android,false,en_US; NA Pro Hockey Blue Alternate Colorado; Flash Force Pattern,true,990000
com.flashforceapp.coyotesdefault,published,managed_by_android,false,en_US; NA Pro Hockey Home Arizona; Flash Force Pattern,true,990000
com.flashforceapp.coyotesaway,published,managed_by_android,false,en_US; NA Pro Hockey Away Arizona; Flash Force Pattern,true,990000
com.flashforceapp.senatorsdefault,published,managed_by_android,false,en_US; NA Pro Hockey Home Ottawa; Flash Force Pattern,true,990000
com.flashforceapp.senatorsaway,published,managed_by_android,false,en_US; NA Pro Hockey Away Ottawa; Flash Force Pattern,true,990000
com.flashforceapp.senatorsalt1,published,managed_by_android,false,en_US; NA Pro Hockey Black Alternate Ottawa; Flash Force Pattern,true,990000
com.flashforceapp.islandersdefault,published,managed_by_android,false,en_US; NA Pro Hockey Home New York (Brooklyn); Flash Force Pattern,true,990000
com.flashforceapp.islandersaway,published,managed_by_android,false,en_US; NA Pro Hockey Away New York (Brooklyn); Flash Force Pattern,true,990000
com.flashforceapp.canucksdefault,published,managed_by_android,false,en_US; NA Pro Hockey Home Vancouver; Flash Force Pattern,true,990000
com.flashforceapp.canucksaway,published,managed_by_android,false,en_US; NA Pro Hockey Away Vancouver; Flash Force Pattern,true,990000
com.flashforceapp.flyersdefault,published,managed_by_android,false,en_US; NA Pro Hockey Home Philadelphia; Flash Force Pattern,true,990000
com.flashforceapp.flyersaway,published,managed_by_android,false,en_US; NA Pro Hockey Away Philadelphia; Flash Force Pattern,true,990000
com.flashforceapp.flyersalt1,published,managed_by_android,false,en_US; NA Pro Hockey Gold Alternate Philadelphia; Flash Force Pattern,true,990000
com.flashforceapp.saintsdefault,published,managed_by_android,false,en_US; American Pro ğŸˆ Home New Orleans; Flash Force Pattern,true,990000
com.flashforceapp.saintsaway,published,managed_by_android,false,en_US; American Pro ğŸˆ Away New Orleans; Flash Force Pattern,true,990000
com.flashforceapp.bearsdefault,published,managed_by_android,false,en_US; American Pro ğŸˆ Home Chicago; Flash Force Pattern,true,990000
com.flashforceapp.bearsaway,published,managed_by_android,false,en_US; American Pro ğŸˆ Away Chicago; Flash Force Pattern,true,990000
com.flashforceapp.bearsalt1,published,managed_by_android,false,en_US; American Pro ğŸˆ Orange Alternate Chicago; Flash Force Pattern,true,990000
com.flashforceapp.steelersdefault,published,managed_by_android,false,en_US; American Pro ğŸˆ Home Pittsburgh; Flash Force Pattern,true,990000
com.flashforceapp.steelersaway,published,managed_by_android,false,en_US; American Pro ğŸˆ Away Pittsburgh; Flash Force Pattern,true,990000
com.flashforceapp.steelersalt1,published,managed_by_android,false,en_US; American Pro ğŸˆ Throwback Pittsburgh; Flash Force Pattern,true,990000
com.flashforceapp.patriotsdefault,published,managed_by_android,false,en_US; American Pro ğŸˆ Home New England; Flash Force Pattern,true,990000
com.flashforceapp.patriotsaway,published,managed_by_android,false,en_US; American Pro ğŸˆ Away New England; Flash Force Pattern,true,990000
com.flashforceapp.patriotsalt1,published,managed_by_android,false,en_US; American Pro ğŸˆ Red Alternate New England; Flash Force Pattern,true,990000
com.flashforceapp.jetsdefault,published,managed_by_android,false,en_US; American Pro ğŸˆ Home New York 2; Flash Force Pattern,true,990000
com.flashforceapp.jetsaway,published,managed_by_android,false,en_US; American Pro ğŸˆ Away New York 2; Flash Force Pattern,true,990000
com.flashforceapp.panthersdefault,published,managed_by_android,false,en_US; American Pro ğŸˆ Home Carolina; Flash Force Pattern,true,990000
com.flashforceapp.panthersaway,published,managed_by_android,false,en_US; American Pro ğŸˆ Away Carolina; Flash Force Pattern,true,990000
com.flashforceapp.panthersalt1,published,managed_by_android,false,en_US; American Pro ğŸˆ Blue Alternate Carolina; Flash Force Pattern,true,990000
com.flashforceapp.fortyninersdefault,published,managed_by_android,false,en_US; American Pro ğŸˆ Home San Francisco; Flash Force Pattern,true,990000
com.flashforceapp.fortyninersaway,published,managed_by_android,false,en_US; American Pro ğŸˆ Away San Francisco; Flash Force Pattern,true,990000
com.flashforceapp.buccaneersdefault,published,managed_by_android,false,en_US; American Pro ğŸˆ Home Tampa Bay; Flash Force Pattern,true,990000
com.flashforceapp.buccaneersaway,published,managed_by_android,false,en_US; American Pro ğŸˆ Away Tampa Bay; Flash Force Pattern,true,990000
com.flashforceapp.eaglesdefault,published,managed_by_android,false,en_US; American Pro ğŸˆ Home Philadelphia; Flash Force Pattern,true,990000
com.flashforceapp.eaglesaway,published,managed_by_android,false,en_US; American Pro ğŸˆ Away Philadelphia; Flash Force Pattern,true,990000
com.flashforceapp.eaglesalt1,published,managed_by_android,false,en_US; American Pro ğŸˆ Black Alternate Philadelphia; Flash Force Pattern,true,990000
com.flashforceapp.coltsdefault,published,managed_by_android,false,en_US; American Pro ğŸˆ Home Indianapolis; Flash Force Pattern,true,990000
com.flashforceapp.coltsaway,published,managed_by_android,false,en_US; American Pro ğŸˆ Away Indianapolis; Flash Force Pattern,true,990000
com.flashforceapp.seahawksdefault,published,managed_by_android,false,en_US; American Pro ğŸˆ Home Seattle; Flash Force Pattern,true,990000
com.flashforceapp.seahawksaway,published,managed_by_android,false,en_US; American Pro ğŸˆ Away Seattle; Flash Force Pattern,true,990000
com.flashforceapp.seahawksalt1,published,managed_by_android,false,en_US; American Pro ğŸˆ Gray Alternate Seattle; Flash Force Pattern,true,990000
com.flashforceapp.cardinalsdefault,published,managed_by_android,false,en_US; American Pro ğŸˆ Home Arizona; Flash Force Pattern,true,990000
com.flashforceapp.cardinalsaway,published,managed_by_android,false,en_US; American Pro ğŸˆ Away Arizona; Flash Force Pattern,true,990000
com.flashforceapp.cardinalsalt1,published,managed_by_android,false,en_US; American Pro ğŸˆ Alternate Arizona; Flash Force Pattern,true,990000
com.flashforceapp.falconsdefault,published,managed_by_android,false,en_US; American Pro ğŸˆ Home Atlanta; Flash Force Pattern,true,990000
com.flashforceapp.falconsaway,published,managed_by_android,false,en_US; American Pro ğŸˆ Away Atlanta; Flash Force Pattern,true,990000
com.flashforceapp.falconsalt1,published,managed_by_android,false,en_US; American Pro ğŸˆ Black Alternate Atlanta; Flash Force Pattern,true,990000
com.flashforceapp.texansdefault,published,managed_by_android,false,en_US; American Pro ğŸˆ Home Houston; Flash Force Pattern,true,990000
com.flashforceapp.texansaway,published,managed_by_android,false,en_US; American Pro ğŸˆ Away Houston; Flash Force Pattern,true,990000
com.flashforceapp.texansalt1,published,managed_by_android,false,en_US; American Pro ğŸˆ Red Alternate Houston; Flash Force Pattern,true,990000
com.flashforceapp.titansdefault,published,managed_by_android,false,en_US; American Pro ğŸˆ Home Tennessee; Flash Force Pattern,true,990000
com.flashforceapp.titansaway,published,managed_by_android,false,en_US; American Pro ğŸˆ Away Tennessee; Flash Force Pattern,true,990000
com.flashforceapp.titansalt1,published,managed_by_android,false,en_US; American Pro ğŸˆ Blue Alternate Tennessee; Flash Force Pattern,true,990000
com.flashforceapp.brownsdefault,published,managed_by_android,false,en_US; American Pro ğŸˆ Home Cleveland; Flash Force Pattern,true,990000
com.flashforceapp.brownsaway,published,managed_by_android,false,en_US; American Pro ğŸˆ Away Cleveland; Flash Force Pattern,true,990000
com.flashforceapp.brownsalt1,published,managed_by_android,false,en_US; American Pro ğŸˆ Orange Alternate Cleveland; Flash Force Pattern,true,990000
com.flashforceapp.bengalsdefault,published,managed_by_android,false,en_US; American Pro ğŸˆ Home Cincinnati; Flash Force Pattern,true,990000
com.flashforceapp.bengalsaway,published,managed_by_android,false,en_US; American Pro ğŸˆ Away Cincinnati; Flash Force Pattern,true,990000
com.flashforceapp.bengalsalt1,published,managed_by_android,false,en_US; American Pro ğŸˆ Orange Alternate Cincinnati; Flash Force Pattern,true,990000
com.flashforceapp.raidersdefault,published,managed_by_android,false,en_US; American Pro ğŸˆ Home Oakland; Flash Force Pattern,true,990000
com.flashforceapp.raidersaway,published,managed_by_android,false,en_US; American Pro ğŸˆ Away Oakland; Flash Force Pattern,true,990000
com.flashforceapp.billsdefault,published,managed_by_android,false,en_US; American Pro ğŸˆ Home Buffalo; Flash Force Pattern,true,990000
com.flashforceapp.billsaway,published,managed_by_android,false,en_US; American Pro ğŸˆ Away Buffalo; Flash Force Pattern,true,990000
com.flashforceapp.billsalt1,published,managed_by_android,false,en_US; American Pro ğŸˆ White Alternate Buffalo; Flash Force Pattern,true,990000
com.flashforceapp.chargersdefault,published,managed_by_android,false,en_US; American Pro ğŸˆ Home San Diego; Flash Force Pattern,true,990000
com.flashforceapp.chargersaway,published,managed_by_android,false,en_US; American Pro ğŸˆ Away San Diego; Flash Force Pattern,true,990000
com.flashforceapp.chargersalt1,published,managed_by_android,false,en_US; American Pro ğŸˆ Powder Blue San Diego; Flash Force Pattern,true,990000
com.flashforceapp.dolphicsdefault,published,managed_by_android,false,en_US; American Pro ğŸˆ Home Miami; Flash Force Pattern,true,990000
com.flashforceapp.dolphicsaway,published,managed_by_android,false,en_US; American Pro ğŸˆ Away Miami; Flash Force Pattern,true,990000
com.flashforceapp.giantsdefault,published,managed_by_android,false,en_US; American Pro ğŸˆ Home New York; Flash Force Pattern,true,990000
com.flashforceapp.giantsaway,published,managed_by_android,false,en_US; American Pro ğŸˆ Away New York; Flash Force Pattern,true,990000
com.flashforceapp.ramsdefault,published,managed_by_android,false,en_US; American Pro ğŸˆ Home St Louis; Flash Force Pattern,true,990000
com.flashforceapp.ramsaway,published,managed_by_android,false,en_US; American Pro ğŸˆ Away St Louis; Flash Force Pattern,true,990000
com.flashforceapp.ramsalt1,published,managed_by_android,false,en_US; American Pro ğŸˆ Yellow Alternate St Louis; Flash Force Pattern,true,990000
com.flashforceapp.jaguarsdefault,published,managed_by_android,false,en_US; American Pro ğŸˆ Home Jacksonville; Flash Force Pattern,true,990000
com.flashforceapp.jaguarsaway,published,managed_by_android,false,en_US; American Pro ğŸˆ Away Jacksonville; Flash Force Pattern,true,990000
com.flashforceapp.jaguarsalt1,published,managed_by_android,false,en_US; American Pro ğŸˆ Green Alternate Jacksonville; Flash Force Pattern,true,990000
com.flashforceapp.ravensdefault,published,managed_by_android,false,en_US; American Pro ğŸˆ Home Baltimore; Flash Force Pattern,true,990000
com.flashforceapp.ravensaway,published,managed_by_android,false,en_US; American Pro ğŸˆ Away Baltimore; Flash Force Pattern,true,990000
com.flashforceapp.ravensalt1,published,managed_by_android,false,en_US; American Pro ğŸˆ Black Alternate Baltimore; Flash Force Pattern,true,990000
com.flashforceapp.lionsdefault,published,managed_by_android,false,en_US; American Pro ğŸˆ Home Detroit; Flash Force Pattern,true,990000
com.flashforceapp.lionsaway,published,managed_by_android,false,en_US; American Pro ğŸˆ Away Detroit; Flash Force Pattern,true,990000
com.flashforceapp.chiefsdefault,published,managed_by_android,false,en_US; American Pro ğŸˆ Home Kansas City; Flash Force Pattern,true,990000
com.flashforceapp.chiefsaway,published,managed_by_android,false,en_US; American Pro ğŸˆ Away Kansas City; Flash Force Pattern,true,990000
com.flashforceapp.broncosdefault,published,managed_by_android,false,en_US; American Pro ğŸˆ Home Denver; Flash Force Pattern,true,990000
com.flashforceapp.broncosaway,published,managed_by_android,false,en_US; American Pro ğŸˆ Away Denver; Flash Force Pattern,true,990000
com.flashforceapp.broncosalt1,published,managed_by_android,false,en_US; American Pro ğŸˆ Blue Alternate Denver; Flash Force Pattern,true,990000
com.flashforceapp.redskinsdefault,published,managed_by_android,false,en_US; American Pro ğŸˆ Home Washington; Flash Force Pattern,true,990000
com.flashforceapp.redskinsaway,published,managed_by_android,false,en_US; American Pro ğŸˆ Away Washington; Flash Force Pattern,true,990000
com.flashforceapp.redskinsalt1,published,managed_by_android,false,en_US; American Pro ğŸˆ Gold Alternate Washington; Flash Force Pattern,true,990000
com.flashforceapp.packersdefault,published,managed_by_android,false,en_US; American Pro ğŸˆ Home Green Bay; Flash Force Pattern,true,990000
com.flashforceapp.packersaway,published,managed_by_android,false,en_US; American Pro ğŸˆ Away Green Bay; Flash Force Pattern,true,990000
com.flashforceapp.packersalt1,published,managed_by_android,false,en_US; American Pro ğŸˆ Blue Alternate Green Bay; Flash Force Pattern,true,990000
com.flashforceapp.vikingsdefault,published,managed_by_android,false,en_US; American Pro ğŸˆ Home Minnesota; Flash Force Pattern,true,990000
com.flashforceapp.vikingsaway,published,managed_by_android,false,en_US; American Pro ğŸˆ Away Minnesota; Flash Force Pattern,true,990000
com.flashforceapp.cowboysdefault,published,managed_by_android,false,en_US; American Pro ğŸˆ Home Dallas; Flash Force Pattern,true,990000
com.flashforceapp.cowboysaway,published,managed_by_android,false,en_US; American Pro ğŸˆ Away Dallas; Flash Force Pattern,true,990000
com.flashforceapp.cowboysalt1,published,managed_by_android,false,en_US; American Pro ğŸˆ White Alternate Dallas; Flash Force Pattern,true,990000
com.flashforceapp.firedefault,published,managed_by_android,false,en_US; American Pro âš½ Home Chicago; Flash Force Pattern,true,990000
com.flashforceapp.revolutiondefault,published,managed_by_android,false,en_US; American Pro âš½ Home New England; Flash Force Pattern,true,990000
com.flashforceapp.torontofcdefault,published,managed_by_android,false,en_US; American Pro âš½ Home Toronto; Flash Force Pattern,true,990000
com.flashforceapp.fcdallasdefault,published,managed_by_android,false,en_US; American Pro âš½ Home Dallas; Flash Force Pattern,true,990000
com.flashforceapp.timbersdefault,published,managed_by_android,false,en_US; American Pro âš½ Home Portland; Flash Force Pattern,true,990000
com.flashforceapp.nycfcdefault,published,managed_by_android,false,en_US; American Pro âš½ Home New York City; Flash Force Pattern,true,990000
com.flashforceapp.redbullsdefault,published,managed_by_android,false,en_US; American Pro âš½ Home New York; Flash Force Pattern,true,990000
com.flashforceapp.impactdefault,published,managed_by_android,false,en_US; American Pro âš½ Home Montreal; Flash Force Pattern,true,990000
com.flashforceapp.dcuniteddefault,published,managed_by_android,false,en_US; American Pro âš½ Home DC; Flash Force Pattern,true,990000
com.flashforceapp.crewdefault,published,managed_by_android,false,en_US; American Pro âš½ Home Columbus; Flash Force Pattern,true,990000
com.flashforceapp.earthquakesdefault,published,managed_by_android,false,en_US; American Pro âš½ Home San Jose; Flash Force Pattern,true,990000
com.flashforceapp.uniondefault,published,managed_by_android,false,en_US; American Pro âš½ Home Philadelphia; Flash Force Pattern,true,990000
com.flashforceapp.rapidsdefault,published,managed_by_android,false,en_US; American Pro âš½ Home Colorado; Flash Force Pattern,true,990000
com.flashforceapp.sportingkcdefault,published,managed_by_android,false,en_US; American Pro âš½ Home Kansas City; Flash Force Pattern,true,990000
com.flashforceapp.soundersfcdefault,published,managed_by_android,false,en_US; American Pro âš½ Home Seattle; Flash Force Pattern,true,990000
com.flashforceapp.chivasusadefault,published,managed_by_android,false,en_US; American Pro âš½ Home Chivas; Flash Force Pattern,true,990000
com.flashforceapp.orlandoscdefault,published,managed_by_android,false,en_US; American Pro âš½ Home Orlando; Flash Force Pattern,true,990000
com.flashforceapp.realsldefault,published,managed_by_android,false,en_US; American Pro âš½ Home Salt Lake; Flash Force Pattern,true,990000
com.flashforceapp.whitecapsfcdefault,published,managed_by_android,false,en_US; American Pro âš½ Home Vancouver; Flash Force Pattern,true,990000
com.flashforceapp.dynamodefault,published,managed_by_android,false,en_US; American Pro âš½ Home Houston; Flash Force Pattern,true,990000
com.flashforceapp.lagalaxydefault,published,managed_by_android,false,en_US; American Pro âš½ Home Los Angeles; Flash Force Pattern,true,990000
com.flashforceapp.knicksdefault,published,managed_by_android,false,en_US; American Pro ğŸ€ Home New York; Flash Force Pattern,true,990000
com.flashforceapp.lakersdefault,published,managed_by_android,false,en_US; American Pro ğŸ€ Home Los Angeles; Flash Force Pattern,true,990000
com.flashforceapp.grizzliesdefault,published,managed_by_android,false,en_US; American Pro ğŸ€ Home Memphis; Flash Force Pattern,true,990000
com.flashforceapp.spursdefault,published,managed_by_android,false,en_US; American Pro ğŸ€ Home San Antonio; Flash Force Pattern,true,990000
com.flashforceapp.pelicansdefault,published,managed_by_android,false,en_US; American Pro ğŸ€ Home New Orleans; Flash Force Pattern,true,990000
com.flashforceapp.rocketsdefault,published,managed_by_android,false,en_US; American Pro ğŸ€ Home Houston; Flash Force Pattern,true,990000
com.flashforceapp.pistonsdefault,published,managed_by_android,false,en_US; American Pro ğŸ€ Home Detroit; Flash Force Pattern,true,990000
com.flashforceapp.celticsdefault,published,managed_by_android,false,en_US; American Pro ğŸ€ Home Boston; Flash Force Pattern,true,990000
com.flashforceapp.heatdefault,published,managed_by_android,false,en_US; American Pro ğŸ€ Home Miami; Flash Force Pattern,true,990000
com.flashforceapp.magicdefault,published,managed_by_android,false,en_US; American Pro ğŸ€ Home Orlando; Flash Force Pattern,true,990000
com.flashforceapp.trailblazersdefault,published,managed_by_android,false,en_US; American Pro ğŸ€ Home Portland; Flash Force Pattern,true,990000
com.flashforceapp.warriorsdefault,published,managed_by_android,false,en_US; American Pro ğŸ€ Home Golden State; Flash Force Pattern,true,990000
com.flashforceapp.bullsdefault,published,managed_by_android,false,en_US; American Pro ğŸ€ Home Chicago; Flash Force Pattern,true,990000
com.flashforceapp.wizardsdefault,published,managed_by_android,false,en_US; American Pro ğŸ€ Home Washington; Flash Force Pattern,true,990000
com.flashforceapp.mavericksdefault,published,managed_by_android,false,en_US; American Pro ğŸ€ Home Dallas; Flash Force Pattern,true,990000
com.flashforceapp.timerwolvesdefault,published,managed_by_android,false,en_US; American Pro ğŸ€ Home Minnesota; Flash Force Pattern,true,990000
com.flashforceapp.clippersdefault,published,managed_by_android,false,en_US; American Pro ğŸ€ Home Los Angeles 2; Flash Force Pattern,true,990000
com.flashforceapp.thunderdefault,published,managed_by_android,false,en_US; American Pro ğŸ€ Home Oklahoma City; Flash Force Pattern,true,990000
com.flashforceapp.hornetsdefault,published,managed_by_android,false,en_US; American Pro ğŸ€ Home Charlotte; Flash Force Pattern,true,990000
com.flashforceapp.bucksdefault,published,managed_by_android,false,en_US; American Pro ğŸ€ Home Milwaukee; Flash Force Pattern,true,990000
com.flashforceapp.raptorsdefault,published,managed_by_android,false,en_US; American Pro ğŸ€ Home Toronto; Flash Force Pattern,true,990000
com.flashforceapp.jazzdefault,published,managed_by_android,false,en_US; American Pro ğŸ€ Home Utah; Flash Force Pattern,true,990000
com.flashforceapp.sunsdefault,published,managed_by_android,false,en_US; American Pro ğŸ€ Home Phoenix; Flash Force Pattern,true,990000
com.flashforceapp.sackingsdefault,published,managed_by_android,false,en_US; American Pro ğŸ€ Home Sacramento; Flash Force Pattern,true,990000
com.flashforceapp.sevsixersdefault,published,managed_by_android,false,en_US; American Pro ğŸ€ Home Philadelphia; Flash Force Pattern,true,990000
com.flashforceapp.cavaliersdefault,published,managed_by_android,false,en_US; American Pro ğŸ€ Home Cleveland; Flash Force Pattern,true,990000
com.flashforceapp.hawksdefault,published,managed_by_android,false,en_US; American Pro ğŸ€ Home Atlanta; Flash Force Pattern,true,990000
com.flashforceapp.netsdefault,published,managed_by_android,false,en_US; American Pro ğŸ€ Home Brooklyn; Flash Force Pattern,true,990000
com.flashforceapp.pacersdefault,published,managed_by_android,false,en_US; American Pro ğŸ€ Home Indiana; Flash Force Pattern,true,990000
com.flashforceapp.nuggetsdefault,published,managed_by_android,false,en_US; American Pro ğŸ€ Home Denver; Flash Force Pattern,true,990000
com.flashforceapp.afghanistan,published,managed_by_android,false,en_US; National Soccer âš½ Home Afghanistan ğŸ‡¦ğŸ‡«; Flash Force Pattern,true,990000
com.flashforceapp.australia,published,managed_by_android,false,en_US; National Soccer âš½ Home Australia ğŸ‡¦ğŸ‡º; Flash Force Pattern,true,990000
com.flashforceapp.bahrain,published,managed_by_android,false,en_US; National Soccer âš½ Home Bahrain ğŸ‡§ğŸ‡­; Flash Force Pattern,true,990000
com.flashforceapp.bangladesh,published,managed_by_android,false,en_US; National Soccer âš½ Home Bangladesh ğŸ‡§ğŸ‡©; Flash Force Pattern,true,990000
com.flashforceapp.bhutan,published,managed_by_android,false,en_US; National Soccer âš½ Home Bhutan ğŸ‡§ğŸ‡¹; Flash Force Pattern,true,990000
com.flashforceapp.bruneidarussalam,published,managed_by_android,false,en_US; National Soccer âš½ Home Brunei ğŸ‡§ğŸ‡³; Flash Force Pattern,true,990000
com.flashforceapp.cambodia,published,managed_by_android,false,en_US; National Soccer âš½ Home Cambodia ğŸ‡°ğŸ‡­; Flash Force Pattern,true,990000
com.flashforceapp.chinapr,published,managed_by_android,false,en_US; National Soccer âš½ Home China PR ğŸ‡¨ğŸ‡³; Flash Force Pattern,true,990000
com.flashforceapp.chinesetaipei,published,managed_by_android,false,en_US; National Soccer âš½ Home Taiwan ğŸ‡¹ğŸ‡¼; Flash Force Pattern,true,990000
com.flashforceapp.guam,published,managed_by_android,false,en_US; National Soccer âš½ Home Guam ğŸ‡¬ğŸ‡º; Flash Force Pattern,true,990000
com.flashforceapp.hongkong,published,managed_by_android,false,en_US; National Soccer âš½ Home Hong Kong ğŸ‡­ğŸ‡°; Flash Force Pattern,true,990000
com.flashforceapp.india,published,managed_by_android,false,en_US; National Soccer âš½ Home India ğŸ‡®ğŸ‡³; Flash Force Pattern,true,990000
com.flashforceapp.indonesia,published,managed_by_android,false,en_US; National Soccer âš½ Home Indonesia ğŸ‡®ğŸ‡©; Flash Force Pattern,true,990000
com.flashforceapp.iran,published,managed_by_android,false,en_US; National Soccer âš½ Home Iran ğŸ‡®ğŸ‡·; Flash Force Pattern,true,990000
com.flashforceapp.iraq,published,managed_by_android,false,en_US; National Soccer âš½ Home Iraq ğŸ‡®ğŸ‡¶; Flash Force Pattern,true,990000
com.flashforceapp.japan,published,managed_by_android,false,en_US; National Soccer âš½ Home Japan ğŸŒ¸; Flash Force Pattern,true,990000
com.flashforceapp.jordan,published,managed_by_android,false,en_US; National Soccer âš½ Home Jordan ğŸ‡¯ğŸ‡´; Flash Force Pattern,true,990000
com.flashforceapp.koreadpr,published,managed_by_android,false,en_US; National Soccer âš½ Home South Korea ğŸ‡°ğŸ‡·; Flash Force Pattern,true,990000
com.flashforceapp.korearepublic,published,managed_by_android,false,en_US; National Soccer âš½ Home North Korea ğŸ‡°ğŸ‡µ; Flash Force Pattern,true,990000
com.flashforceapp.kuwait,published,managed_by_android,false,en_US; National Soccer âš½ Home Kuwait ğŸ‡°ğŸ‡¼; Flash Force Pattern,true,990000
com.flashforceapp.kyrgyzstan,published,managed_by_android,false,en_US; National Soccer âš½ Home Kyrgyzstan ğŸ‡°ğŸ‡¬; Flash Force Pattern,true,990000
com.flashforceapp.laos,published,managed_by_android,false,en_US; National Soccer âš½ Home Laos ğŸ‡±ğŸ‡¦; Flash Force Pattern,true,990000
com.flashforceapp.lebanon,published,managed_by_android,false,en_US; National Soccer âš½ Home Lebanon ğŸ‡±ğŸ‡§; Flash Force Pattern,true,990000
com.flashforceapp.macau,published,managed_by_android,false,en_US; National Soccer âš½ Home Macau ğŸ‡²ğŸ‡´; Flash Force Pattern,true,990000
com.flashforceapp.malaysia,published,managed_by_android,false,en_US; National Soccer âš½ Home Malaysia ğŸ‡²ğŸ‡¾; Flash Force Pattern,true,990000
com.flashforceapp.maldives,published,managed_by_android,false,en_US; National Soccer âš½ Home Maldives ğŸ‡²ğŸ‡»; Flash Force Pattern,true,990000
com.flashforceapp.mongolia,published,managed_by_android,false,en_US; National Soccer âš½ Home Mongolia ğŸ‡²ğŸ‡³; Flash Force Pattern,true,990000
com.flashforceapp.myanmar,published,managed_by_android,false,en_US; National Soccer âš½ Home Myanmar ğŸ‡²ğŸ‡²; Flash Force Pattern,true,990000
com.flashforceapp.nepal,published,managed_by_android,false,en_US; National Soccer âš½ Home Nepal ğŸ‡³ğŸ‡µ; Flash Force Pattern,true,990000
com.flashforceapp.northernmarianaislands,published,managed_by_android,false,en_US; National Soccer âš½ Home Mariana Islands ğŸ‡²ğŸ‡µ; Flash Force Pattern,true,990000
com.flashforceapp.oman,published,managed_by_android,false,en_US; National Soccer âš½ Home Oman ğŸ‡´ğŸ‡²; Flash Force Pattern,true,990000
com.flashforceapp.pakistan,published,managed_by_android,false,en_US; National Soccer âš½ Home Pakistan ğŸ‡µğŸ‡°; Flash Force Pattern,true,990000
com.flashforceapp.palestine,published,managed_by_android,false,en_US; National Soccer âš½ Home Palestine ğŸ‡µğŸ‡¸; Flash Force Pattern,true,990000
com.flashforceapp.philippines,published,managed_by_android,false,en_US; National Soccer âš½ Home Philippines ğŸ‡µğŸ‡­; Flash Force Pattern,true,990000
com.flashforceapp.qatar,published,managed_by_android,false,en_US; National Soccer âš½ Home Qatar ğŸ‡¶ğŸ‡¦; Flash Force Pattern,true,990000
com.flashforceapp.saudiarabia,published,managed_by_android,false,en_US; National Soccer âš½ Home Saudi Arabia ğŸ‡¸ğŸ‡¦; Flash Force Pattern,true,990000
com.flashforceapp.singapore,published,managed_by_android,false,en_US; National Soccer âš½ Home Singapore ğŸ‡¸ğŸ‡¬; Flash Force Pattern,true,990000
com.flashforceapp.srilanka,published,managed_by_android,false,en_US; National Soccer âš½ Home Sri Lanka ğŸ‡±ğŸ‡°; Flash Force Pattern,true,990000
com.flashforceapp.syria,published,managed_by_android,false,en_US; National Soccer âš½ Home Syria ğŸ‡¸ğŸ‡¾; Flash Force Pattern,true,990000
com.flashforceapp.tajikistan,published,managed_by_android,false,en_US; National Soccer âš½ Home Tajikistan ğŸ‡¹ğŸ‡¯; Flash Force Pattern,true,990000
com.flashforceapp.thailand,published,managed_by_android,false,en_US; National Soccer âš½ Home Thailand ğŸ‡¹ğŸ‡­; Flash Force Pattern,true,990000
com.flashforceapp.timorleste,published,managed_by_android,false,en_US; National Soccer âš½ Home Timor Leste ğŸ‡¹ğŸ‡±; Flash Force Pattern,true,990000
com.flashforceapp.turkmenistan,published,managed_by_android,false,en_US; National Soccer âš½ Home Turkmenistan ğŸ‡¹ğŸ‡²; Flash Force Pattern,true,990000
com.flashforceapp.unitedarabemirates,published,managed_by_android,false,en_US; National Soccer âš½ Home United Arab Emirates ğŸ‡¦ğŸ‡ª; Flash Force Pattern,true,990000
com.flashforceapp.uzbekistan,published,managed_by_android,false,en_US; National Soccer âš½ Home Uzbekistan ğŸ‡ºğŸ‡¿; Flash Force Pattern,true,990000
com.flashforceapp.vietnam,published,managed_by_android,false,en_US; National Soccer âš½ Home Vietnam ğŸ‡»ğŸ‡³; Flash Force Pattern,true,990000
com.flashforceapp.yemen,published,managed_by_android,false,en_US; National Soccer âš½ Home Yemen ğŸ‡¾ğŸ‡ª; Flash Force Pattern,true,990000
com.flashforceapp.algeria,published,managed_by_android,false,en_US; National Soccer âš½ Home Algeria ğŸ‡©ğŸ‡¿; Flash Force Pattern,true,990000
com.flashforceapp.angola,published,managed_by_android,false,en_US; National Soccer âš½ Home Angola ğŸ‡¦ğŸ‡´; Flash Force Pattern,true,990000
com.flashforceapp.benin,published,managed_by_android,false,en_US; National Soccer âš½ Home Benin ğŸ‡§ğŸ‡¯; Flash Force Pattern,true,990000
com.flashforceapp.botswana,published,managed_by_android,false,en_US; National Soccer âš½ Home Botswana ğŸ‡§ğŸ‡¼; Flash Force Pattern,true,990000
com.flashforceapp.burkinafaso,published,managed_by_android,false,en_US; National Soccer âš½ Home Burkina Faso ğŸ‡§ğŸ‡«; Flash Force Pattern,true,990000
com.flashforceapp.burundi,published,managed_by_android,false,en_US; National Soccer âš½ Home Burundi ğŸ‡§ğŸ‡®; Flash Force Pattern,true,990000
com.flashforceapp.cameroon,published,managed_by_android,false,en_US; National Soccer âš½ Home Cameroon ğŸ‡¨ğŸ‡²; Flash Force Pattern,true,990000
com.flashforceapp.capeverde,published,managed_by_android,false,en_US; National Soccer âš½ Home Cape Verde ğŸ‡¨ğŸ‡»; Flash Force Pattern,true,990000
com.flashforceapp.centralafricanrepublic,published,managed_by_android,false,en_US; National Soccer âš½ Home Central African Republic ğŸ‡¨; Flash Force Pattern,true,990000
com.flashforceapp.chad,published,managed_by_android,false,en_US; National Soccer âš½ Home Chad ğŸ‡¹ğŸ‡©; Flash Force Pattern,true,990000
com.flashforceapp.comoros,published,managed_by_android,false,en_US; National Soccer âš½ Home Comoros ğŸ‡°ğŸ‡²; Flash Force Pattern,true,990000
com.flashforceapp.congo,published,managed_by_android,false,en_US; National Soccer âš½ Home Congo ğŸ‡¨ğŸ‡¬; Flash Force Pattern,true,990000
com.flashforceapp.congodr,published,managed_by_android,false,en_US; National Soccer âš½ Home Congo DR ğŸ‡¨ğŸ‡©; Flash Force Pattern,true,990000
com.flashforceapp.djibouti,published,managed_by_android,false,en_US; National Soccer âš½ Home Djibouti ğŸ‡©ğŸ‡¯; Flash Force Pattern,true,990000
com.flashforceapp.egypt,published,managed_by_android,false,en_US; National Soccer âš½ Home Egypt ğŸ‡ªğŸ‡¬; Flash Force Pattern,true,990000
com.flashforceapp.equatorialguinea,published,managed_by_android,false,en_US; National Soccer âš½ Home Equatorial Guinea ğŸ‡¬ğŸ‡¶; Flash Force Pattern,true,990000
com.flashforceapp.eritrea,published,managed_by_android,false,en_US; National Soccer âš½ Home Eritrea ğŸ‡ªğŸ‡·; Flash Force Pattern,true,990000
com.flashforceapp.ethiopia,published,managed_by_android,false,en_US; National Soccer âš½ Home Ethiopia ğŸ‡ªğŸ‡¹; Flash Force Pattern,true,990000
com.flashforceapp.gabon,published,managed_by_android,false,en_US; National Soccer âš½ Home Gabon ğŸ‡¬ğŸ‡¦; Flash Force Pattern,true,990000
com.flashforceapp.gambia,published,managed_by_android,false,en_US; National Soccer âš½ Home Gambia ğŸ‡¬ğŸ‡²; Flash Force Pattern,true,990000
com.flashforceapp.ghana,published,managed_by_android,false,en_US; National Soccer âš½ Home Ghana ğŸ‡¬ğŸ‡­; Flash Force Pattern,true,990000
com.flashforceapp.guinea,published,managed_by_android,false,en_US; National Soccer âš½ Home Guinea ğŸ‡¬ğŸ‡³; Flash Force Pattern,true,990000
com.flashforceapp.guineabissau,published,managed_by_android,false,en_US; National Soccer âš½ Home Guinea Bissau ğŸ‡¬ğŸ‡¼; Flash Force Pattern,true,990000
com.flashforceapp.ivorycoast,published,managed_by_android,false,en_US; National Soccer âš½ Home Ivory Coast ğŸ‡¨ğŸ‡®; Flash Force Pattern,true,990000
com.flashforceapp.kenya,published,managed_by_android,false,en_US; National Soccer âš½ Home Kenya ğŸ‡°ğŸ‡ª; Flash Force Pattern,true,990000
com.flashforceapp.lesotho,published,managed_by_android,false,en_US; National Soccer âš½ Home Lesotho ğŸ‡±ğŸ‡¸; Flash Force Pattern,true,990000
com.flashforceapp.liberia,published,managed_by_android,false,en_US; National Soccer âš½ Home Liberia ğŸ‡±ğŸ‡·; Flash Force Pattern,true,990000
com.flashforceapp.libya,published,managed_by_android,false,en_US; National Soccer âš½ Home Libya ğŸ‡±ğŸ‡¾; Flash Force Pattern,true,990000
com.flashforceapp.madagascar,published,managed_by_android,false,en_US; National Soccer âš½ Home Madagascar ğŸ‡²ğŸ‡¬; Flash Force Pattern,true,990000
com.flashforceapp.malawi,published,managed_by_android,false,en_US; National Soccer âš½ Home Malawi ğŸ‡²ğŸ‡¼; Flash Force Pattern,true,990000
com.flashforceapp.mali,published,managed_by_android,false,en_US; National Soccer âš½ Home Mali ğŸ‡²ğŸ‡±; Flash Force Pattern,true,990000
com.flashforceapp.mauritania,published,managed_by_android,false,en_US; National Soccer âš½ Home Mauritania ğŸ‡²ğŸ‡·; Flash Force Pattern,true,990000
com.flashforceapp.mauritius,published,managed_by_android,false,en_US; National Soccer âš½ Home Mauritius ğŸ‡²ğŸ‡º; Flash Force Pattern,true,990000
com.flashforceapp.morocco,published,managed_by_android,false,en_US; National Soccer âš½ Home Morocco ğŸ‡²ğŸ‡¦; Flash Force Pattern,true,990000
com.flashforceapp.mozambique,published,managed_by_android,false,en_US; National Soccer âš½ Home Mozambique ğŸ‡²ğŸ‡¿; Flash Force Pattern,true,990000
com.flashforceapp.namibia,published,managed_by_android,false,en_US; National Soccer âš½ Home Namibia ğŸ‡³ğŸ‡¦; Flash Force Pattern,true,990000
com.flashforceapp.niger,published,managed_by_android,false,en_US; National Soccer âš½ Home Niger ğŸ‡³ğŸ‡ª; Flash Force Pattern,true,990000
com.flashforceapp.nigeria,published,managed_by_android,false,en_US; National Soccer âš½ Home Nigeria ğŸ‡³ğŸ‡¬; Flash Force Pattern,true,990000
com.flashforceapp.reunion,published,managed_by_android,false,en_US; National Soccer âš½ Home Reunion ğŸ‡·ğŸ‡ª; Flash Force Pattern,true,990000
com.flashforceapp.rwanda,published,managed_by_android,false,en_US; National Soccer âš½ Home Rwanda ğŸ‡·ğŸ‡¼; Flash Force Pattern,true,990000
com.flashforceapp.saotomeandprincipe,published,managed_by_android,false,en_US; National Soccer âš½ Home Sao Tome and Principe ğŸ‡¸ğŸ‡; Flash Force Pattern,true,990000
com.flashforceapp.senegal,published,managed_by_android,false,en_US; National Soccer âš½ Home Senegal ğŸ‡¸ğŸ‡³; Flash Force Pattern,true,990000
com.flashforceapp.seychelles,published,managed_by_android,false,en_US; National Soccer âš½ Home Seychelles ğŸ‡¸ğŸ‡¨; Flash Force Pattern,true,990000
com.flashforceapp.sierraleone,published,managed_by_android,false,en_US; National Soccer âš½ Home Sierra Leone ğŸ‡¸ğŸ‡±; Flash Force Pattern,true,990000
com.flashforceapp.somalia,published,managed_by_android,false,en_US; National Soccer âš½ Home Somalia ğŸ‡¸ğŸ‡´; Flash Force Pattern,true,990000
com.flashforceapp.southafrica,published,managed_by_android,false,en_US; National Soccer âš½ Home South Africa ğŸ‡¿ğŸ‡¦; Flash Force Pattern,true,990000
com.flashforceapp.southsudan,published,managed_by_android,false,en_US; National Soccer âš½ Home South Sudan ğŸ‡¸ğŸ‡¸; Flash Force Pattern,true,990000
com.flashforceapp.sudan,published,managed_by_android,false,en_US; National Soccer âš½ Home Sudan ğŸ‡¸ğŸ‡©; Flash Force Pattern,true,990000
com.flashforceapp.swaziland,published,managed_by_android,false,en_US; National Soccer âš½ Home Swaziland ğŸ‡¸ğŸ‡¿; Flash Force Pattern,true,990000
com.flashforceapp.tanzania,published,managed_by_android,false,en_US; National Soccer âš½ Home Tanzania ğŸ‡¹ğŸ‡¿; Flash Force Pattern,true,990000
com.flashforceapp.togo,published,managed_by_android,false,en_US; National Soccer âš½ Home Togo ğŸ‡¹ğŸ‡¬; Flash Force Pattern,true,990000
com.flashforceapp.tunisia,published,managed_by_android,false,en_US; National Soccer âš½ Home Tunisia ğŸ‡¹ğŸ‡³; Flash Force Pattern,true,990000
com.flashforceapp.uganda,published,managed_by_android,false,en_US; National Soccer âš½ Home Uganda ğŸ‡ºğŸ‡¬; Flash Force Pattern,true,990000
com.flashforceapp.zambia,published,managed_by_android,false,en_US; National Soccer âš½ Home Zambia ğŸ‡¿ğŸ‡²; Flash Force Pattern,true,990000
com.flashforceapp.zanzibar,published,managed_by_android,false,en_US; National Soccer âš½ Home Zanzibar; Flash Force Pattern,true,990000
com.flashforceapp.zimbabwe,published,managed_by_android,false,en_US; National Soccer âš½ Home Zimbabwe ğŸ‡¿ğŸ‡¼; Flash Force Pattern,true,990000
com.flashforceapp.anguilla,published,managed_by_android,false,en_US; National Soccer âš½ Home Anguilla ğŸ‡¦ğŸ‡®; Flash Force Pattern,true,990000
com.flashforceapp.antiguaandbarbuda,published,managed_by_android,false,en_US; National Soccer âš½ Home Antigua and Barbuda ğŸ‡¦ğŸ‡¬; Flash Force Pattern,true,990000
com.flashforceapp.aruba,published,managed_by_android,false,en_US; National Soccer âš½ Home Aruba ğŸ‡¦ğŸ‡¼; Flash Force Pattern,true,990000
com.flashforceapp.bahamas,published,managed_by_android,false,en_US; National Soccer âš½ Home Bahamas ğŸ‡§ğŸ‡¸; Flash Force Pattern,true,990000
com.flashforceapp.barbados,published,managed_by_android,false,en_US; National Soccer âš½ Home Barbados ğŸ‡§ğŸ‡§; Flash Force Pattern,true,990000
com.flashforceapp.belize,published,managed_by_android,false,en_US; National Soccer âš½ Home Belize ğŸ‡§ğŸ‡¿; Flash Force Pattern,true,990000
com.flashforceapp.bermuda,published,managed_by_android,false,en_US; National Soccer âš½ Home Bermuda ğŸ‡§ğŸ‡²; Flash Force Pattern,true,990000
com.flashforceapp.bonaire,published,managed_by_android,false,en_US; National Soccer âš½ Home Bonaire ğŸ‡§ğŸ‡¶; Flash Force Pattern,true,990000
com.flashforceapp.britishvirginislands,published,managed_by_android,false,en_US; National Soccer âš½ Home British Virgin Islands ğŸ‡»ğŸ; Flash Force Pattern,true,990000
com.flashforceapp.canada,published,managed_by_android,false,en_US; National Soccer âš½ Home Canada ğŸ‡¨ğŸ‡¦; Flash Force Pattern,true,990000
com.flashforceapp.caymanislands,published,managed_by_android,false,en_US; National Soccer âš½ Home Cayman Islands ğŸ‡°ğŸ‡¾; Flash Force Pattern,true,990000
com.flashforceapp.costarica,published,managed_by_android,false,en_US; National Soccer âš½ Home Costa Rica ğŸ‡¨ğŸ‡·; Flash Force Pattern,true,990000
com.flashforceapp.cuba,published,managed_by_android,false,en_US; National Soccer âš½ Home Cuba ğŸ‡¨ğŸ‡º; Flash Force Pattern,true,990000
com.flashforceapp.curacao,published,managed_by_android,false,en_US; National Soccer âš½ Home Curacao ğŸ‡¨ğŸ‡¼; Flash Force Pattern,true,990000
com.flashforceapp.dominica,published,managed_by_android,false,en_US; National Soccer âš½ Home Dominica ğŸ‡©ğŸ‡²; Flash Force Pattern,true,990000
com.flashforceapp.dominicanrepublic,published,managed_by_android,false,en_US; National Soccer âš½ Home Dominican Republic ğŸ‡©ğŸ‡´; Flash Force Pattern,true,990000
com.flashforceapp.elsalvador,published,managed_by_android,false,en_US; National Soccer âš½ Home El Salvador ğŸ‡¸ğŸ‡»; Flash Force Pattern,true,990000
com.flashforceapp.frenchguiana,published,managed_by_android,false,en_US; National Soccer âš½ Home French Guiana ğŸ‡¬ğŸ‡«; Flash Force Pattern,true,990000
com.flashforceapp.grenada,published,managed_by_android,false,en_US; National Soccer âš½ Home Grenada ğŸ‡¬ğŸ‡©; Flash Force Pattern,true,990000
com.flashforceapp.guadeloupe,published,managed_by_android,false,en_US; National Soccer âš½ Home Guadeloupe ğŸ‡¬ğŸ‡µ; Flash Force Pattern,true,990000
com.flashforceapp.guatemala,published,managed_by_android,false,en_US; National Soccer âš½ Home Guatemala ğŸ‡¬ğŸ‡¹; Flash Force Pattern,true,990000
com.flashforceapp.guyana,published,managed_by_android,false,en_US; National Soccer âš½ Home Guyana ğŸ‡¬ğŸ‡¾; Flash Force Pattern,true,990000
com.flashforceapp.haiti,published,managed_by_android,false,en_US; National Soccer âš½ Home Haiti ğŸ‡­ğŸ‡¹; Flash Force Pattern,true,990000
com.flashforceapp.honduras,published,managed_by_android,false,en_US; National Soccer âš½ Home Honduras ğŸ‡­ğŸ‡³; Flash Force Pattern,true,990000
com.flashforceapp.jamaica,published,managed_by_android,false,en_US; National Soccer âš½ Home Jamaica ğŸ‡¯ğŸ‡²; Flash Force Pattern,true,990000
com.flashforceapp.martinique,published,managed_by_android,false,en_US; National Soccer âš½ Home Martinique ğŸ‡²ğŸ‡¶; Flash Force Pattern,true,990000
com.flashforceapp.mexico,published,managed_by_android,false,en_US; National Soccer âš½ Home Mexico ğŸ‡²ğŸ‡½; Flash Force Pattern,true,990000
com.flashforceapp.montserrat,published,managed_by_android,false,en_US; National Soccer âš½ Home Montserrat ğŸ‡²ğŸ‡¸; Flash Force Pattern,true,990000
com.flashforceapp.nicaragua,published,managed_by_android,false,en_US; National Soccer âš½ Home Nicaragua ğŸ‡³ğŸ‡®; Flash Force Pattern,true,990000
com.flashforceapp.panama,published,managed_by_android,false,en_US; National Soccer âš½ Home Panama ğŸ‡µğŸ‡¦; Flash Force Pattern,true,990000
com.flashforceapp.puertorico,published,managed_by_android,false,en_US; National Soccer âš½ Home Puerto Rico ğŸ‡µğŸ‡·; Flash Force Pattern,true,990000
com.flashforceapp.saintkittsandnevis,published,managed_by_android,false,en_US; National Soccer âš½ Home Saint Kitts and Nevis ğŸ‡°ğŸ‡; Flash Force Pattern,true,990000
com.flashforceapp.saintlucia,published,managed_by_android,false,en_US; National Soccer âš½ Home Saint Lucia ğŸ‡±ğŸ‡¨; Flash Force Pattern,true,990000
com.flashforceapp.saintmartin,published,managed_by_android,false,en_US; National Soccer âš½ Home Saint Martin ğŸ‡²ğŸ‡«; Flash Force Pattern,true,990000
com.flashforceapp.saintvincentandthegrenadines,published,managed_by_android,false,en_US; National Soccer âš½ Home Saint Vincent ğŸ‡»ğŸ‡¨; Flash Force Pattern,true,990000
com.flashforceapp.sintmaarten,published,managed_by_android,false,en_US; National Soccer âš½ Home Sint Maarten ğŸ‡¸ğŸ‡½; Flash Force Pattern,true,990000
com.flashforceapp.suriname,published,managed_by_android,false,en_US; National Soccer âš½ Home Suriname ğŸ‡¸ğŸ‡·; Flash Force Pattern,true,990000
com.flashforceapp.trinidadandtobago,published,managed_by_android,false,en_US; National Soccer âš½ Home Trinidad and Tobago ğŸ‡¹ğŸ‡¹; Flash Force Pattern,true,990000
com.flashforceapp.turksandcaicosislands,published,managed_by_android,false,en_US; National Soccer âš½ Home Turks and Caicos ğŸ‡¹ğŸ‡¨; Flash Force Pattern,true,990000
com.flashforceapp.usvirginislands,published,managed_by_android,false,en_US; National Soccer âš½ Home US Virgin Islands ğŸ‡»ğŸ‡®; Flash Force Pattern,true,990000
com.flashforceapp.usa,published,managed_by_android,false,en_US; National Soccer âš½ Home USA ğŸ‡ºğŸ‡¸; Flash Force Pattern,true,990000
com.flashforceapp.argentina,published,managed_by_android,false,en_US; National Soccer âš½ Home Argentina ğŸ‡¦ğŸ‡·; Flash Force Pattern,true,990000
com.flashforceapp.bolivia,published,managed_by_android,false,en_US; National Soccer âš½ Home Bolivia ğŸ‡§ğŸ‡´; Flash Force Pattern,true,990000
com.flashforceapp.brazil,published,managed_by_android,false,en_US; National Soccer âš½ Home Brazil ğŸ‡§ğŸ‡·; Flash Force Pattern,true,990000
com.flashforceapp.chile,published,managed_by_android,false,en_US; National Soccer âš½ Home Chile ğŸ‡¨ğŸ‡±; Flash Force Pattern,true,990000
com.flashforceapp.colombia,published,managed_by_android,false,en_US; National Soccer âš½ Home Colombia ğŸ‡¨ğŸ‡´; Flash Force Pattern,true,990000
com.flashforceapp.ecuador,published,managed_by_android,false,en_US; National Soccer âš½ Home Ecuador ğŸ‡ªğŸ‡¨; Flash Force Pattern,true,990000
com.flashforceapp.paraguay,published,managed_by_android,false,en_US; National Soccer âš½ Home Paraguay ğŸ‡µğŸ‡¾; Flash Force Pattern,true,990000
com.flashforceapp.peru,published,managed_by_android,false,en_US; National Soccer âš½ Home Peru ğŸ‡µğŸ‡ª; Flash Force Pattern,true,990000
com.flashforceapp.uruguay,published,managed_by_android,false,en_US; National Soccer âš½ Home Uruguay ğŸ‡ºğŸ‡¾; Flash Force Pattern,true,990000
com.flashforceapp.venezuela,published,managed_by_android,false,en_US; National Soccer âš½ Home Venezuela ğŸ‡»ğŸ‡ª; Flash Force Pattern,true,990000
com.flashforceapp.americansamoa,published,managed_by_android,false,en_US; National Soccer âš½ Home American Samoa ğŸ‡¦ğŸ‡¸; Flash Force Pattern,true,990000
com.flashforceapp.cookislands,published,managed_by_android,false,en_US; National Soccer âš½ Home Cook Islands ğŸ‡¨ğŸ‡°; Flash Force Pattern,true,990000
com.flashforceapp.fiji,published,managed_by_android,false,en_US; National Soccer âš½ Home Fiji ğŸ‡«ğŸ‡¯; Flash Force Pattern,true,990000
com.flashforceapp.kiribati,published,managed_by_android,false,en_US; National Soccer âš½ Home Kiribati ğŸ‡°ğŸ‡®; Flash Force Pattern,true,990000
com.flashforceapp.newcaledonia,published,managed_by_android,false,en_US; National Soccer âš½ Home New  Caledonia ğŸ‡³ğŸ‡¨; Flash Force Pattern,true,990000
com.flashforceapp.newzealand,published,managed_by_android,false,en_US; National Soccer âš½ Home New Zealand ğŸ‡³ğŸ‡¿; Flash Force Pattern,true,990000
com.flashforceapp.niue,published,managed_by_android,false,en_US; National Soccer âš½ Home Niue ğŸ‡³ğŸ‡º; Flash Force Pattern,true,990000
com.flashforceapp.papuanewguinea,published,managed_by_android,false,en_US; National Soccer âš½ Home Papua New Guinea ğŸ‡µğŸ‡¬; Flash Force Pattern,true,990000
com.flashforceapp.samoa,published,managed_by_android,false,en_US; National Soccer âš½ Home Samoa ğŸ‡¦ğŸ‡¸; Flash Force Pattern,true,990000
com.flashforceapp.solomonislands,published,managed_by_android,false,en_US; National Soccer âš½ Home Solomon Islands ğŸ‡¸ğŸ‡§; Flash Force Pattern,true,990000
com.flashforceapp.tahiti,published,managed_by_android,false,en_US; National Soccer âš½ Home Tahiti ğŸ‡µğŸ‡«; Flash Force Pattern,true,990000
com.flashforceapp.tonga,published,managed_by_android,false,en_US; National Soccer âš½ Home Tonga ğŸ‡¹ğŸ‡´; Flash Force Pattern,true,990000
com.flashforceapp.tuvalu,published,managed_by_android,false,en_US; National Soccer âš½ Home Tuvalu ğŸ‡¹ğŸ‡»; Flash Force Pattern,true,990000
com.flashforceapp.vanuatu,published,managed_by_android,false,en_US; National Soccer âš½ Home Vanuatu ğŸ‡»ğŸ‡º; Flash Force Pattern,true,990000
com.flashforceapp.albania,published,managed_by_android,false,en_US; National Soccer âš½ Home Albania ğŸ‡¦ğŸ‡±; Flash Force Pattern,true,990000
com.flashforceapp.andorra,published,managed_by_android,false,en_US; National Soccer âš½ Home Andorra ğŸ‡¦ğŸ‡©; Flash Force Pattern,true,990000
com.flashforceapp.armenia,published,managed_by_android,false,en_US; National Soccer âš½ Home Armenia ğŸ‡¦ğŸ‡²; Flash Force Pattern,true,990000
com.flashforceapp.austria,published,managed_by_android,false,en_US; National Soccer âš½ Home Austria ğŸ‡¦ğŸ‡¹; Flash Force Pattern,true,990000
com.flashforceapp.azerbaijan,published,managed_by_android,false,en_US; National Soccer âš½ Home Azerbaijan ğŸ‡¦ğŸ‡¿; Flash Force Pattern,true,990000
com.flashforceapp.belarus,published,managed_by_android,false,en_US; National Soccer âš½ Home Belarus ğŸ‡§ğŸ‡¾; Flash Force Pattern,true,990000
com.flashforceapp.belgium,published,managed_by_android,false,en_US; National Soccer âš½ Home Belgium ğŸ‡§ğŸ‡ª; Flash Force Pattern,true,990000
com.flashforceapp.bosniaherzegovina,published,managed_by_android,false,en_US; National Soccer âš½ Home Bosnia Herzegovina ğŸ‡§ğŸ‡¦; Flash Force Pattern,true,990000
com.flashforceapp.bulgaria,published,managed_by_android,false,en_US; National Soccer âš½ Home Bulgaria ğŸ‡§ğŸ‡¬; Flash Force Pattern,true,990000
com.flashforceapp.croatia,published,managed_by_android,false,en_US; National Soccer âš½ Home Croatia ğŸ‡­ğŸ‡·; Flash Force Pattern,true,990000
com.flashforceapp.cyprus,published,managed_by_android,false,en_US; National Soccer âš½ Home Cyprus ğŸ‡¨ğŸ‡¾; Flash Force Pattern,true,990000
com.flashforceapp.czechrepublic,published,managed_by_android,false,en_US; National Soccer âš½ Home Czech Republic ğŸ‡¨ğŸ‡¿; Flash Force Pattern,true,990000
com.flashforceapp.denmark,published,managed_by_android,false,en_US; National Soccer âš½ Home Denmark ğŸ‡©ğŸ‡°; Flash Force Pattern,true,990000
com.flashforceapp.england,published,managed_by_android,false,en_US; National Soccer âš½ Home England ğŸ‡¬ğŸ‡§; Flash Force Pattern,true,990000
com.flashforceapp.estonia,published,managed_by_android,false,en_US; National Soccer âš½ Home Estonia ğŸ‡ªğŸ‡ª; Flash Force Pattern,true,990000
com.flashforceapp.faroeislands,published,managed_by_android,false,en_US; National Soccer âš½ Home Faroe Islands ğŸ‡«ğŸ‡´; Flash Force Pattern,true,990000
com.flashforceapp.finland,published,managed_by_android,false,en_US; National Soccer âš½ Home Finland ğŸ‡«ğŸ‡®; Flash Force Pattern,true,990000
com.flashforceapp.france,published,managed_by_android,false,en_US; National Soccer âš½ Home France ğŸ‡«ğŸ‡·; Flash Force Pattern,true,990000
com.flashforceapp.fyrmacedonia,published,managed_by_android,false,en_US; National Soccer âš½ Home FYR Macedonia ğŸ‡²ğŸ‡°; Flash Force Pattern,true,990000
com.flashforceapp.georgia,published,managed_by_android,false,en_US; National Soccer âš½ Home Georgia ğŸ‡¬ğŸ‡ª; Flash Force Pattern,true,990000
com.flashforceapp.germany,published,managed_by_android,false,en_US; National Soccer âš½ Home Germany ğŸ‡©ğŸ‡ª; Flash Force Pattern,true,990000
com.flashforceapp.gibraltar,published,managed_by_android,false,en_US; National Soccer âš½ Home Gibraltar ğŸ‡¬ğŸ‡®; Flash Force Pattern,true,990000
com.flashforceapp.greece,published,managed_by_android,false,en_US; National Soccer âš½ Home Greece ğŸ‡¬ğŸ‡·; Flash Force Pattern,true,990000
com.flashforceapp.hungary,published,managed_by_android,false,en_US; National Soccer âš½ Home Hungary ğŸ‡­ğŸ‡º; Flash Force Pattern,true,990000
com.flashforceapp.iceland,published,managed_by_android,false,en_US; National Soccer âš½ Home Iceland ğŸ‡®ğŸ‡¸; Flash Force Pattern,true,990000
com.flashforceapp.israel,published,managed_by_android,false,en_US; National Soccer âš½ Home Israel ğŸ‡®ğŸ‡±; Flash Force Pattern,true,990000
com.flashforceapp.italy,published,managed_by_android,false,en_US; National Soccer âš½ Home Italy ğŸ‡®ğŸ‡¹; Flash Force Pattern,true,990000
com.flashforceapp.kazakhstan,published,managed_by_android,false,en_US; National Soccer âš½ Home Kazakhstan ğŸ‡°ğŸ‡¿; Flash Force Pattern,true,990000
com.flashforceapp.latvia,published,managed_by_android,false,en_US; National Soccer âš½ Home Latvia ğŸ‡±ğŸ‡»; Flash Force Pattern,true,990000
com.flashforceapp.liechtenstein,published,managed_by_android,false,en_US; National Soccer âš½ Home Liechtenstein ğŸ‡±ğŸ‡®; Flash Force Pattern,true,990000
com.flashforceapp.lithuania,published,managed_by_android,false,en_US; National Soccer âš½ Home Lithuania ğŸ‡±ğŸ‡¹; Flash Force Pattern,true,990000
com.flashforceapp.luxembourg,published,managed_by_android,false,en_US; National Soccer âš½ Home Luxembourg ğŸ‡±ğŸ‡º; Flash Force Pattern,true,990000
com.flashforceapp.malta,published,managed_by_android,false,en_US; National Soccer âš½ Home Malta ğŸ‡²ğŸ‡¹; Flash Force Pattern,true,990000
com.flashforceapp.moldova,published,managed_by_android,false,en_US; National Soccer âš½ Home Moldova ğŸ‡²ğŸ‡©; Flash Force Pattern,true,990000
com.flashforceapp.montenegro,published,managed_by_android,false,en_US; National Soccer âš½ Home Montenegro ğŸ‡²ğŸ‡ª; Flash Force Pattern,true,990000
com.flashforceapp.netherlands,published,managed_by_android,false,en_US; National Soccer âš½ Home Netherlands ğŸ‡³ğŸ‡±; Flash Force Pattern,true,990000
com.flashforceapp.northernireland,published,managed_by_android,false,en_US; National Soccer âš½ Home Northern Ireland; Flash Force Pattern,true,990000
com.flashforceapp.norway,published,managed_by_android,false,en_US; National Soccer âš½ Home Norway ğŸ‡³ğŸ‡´; Flash Force Pattern,true,990000
com.flashforceapp.poland,published,managed_by_android,false,en_US; National Soccer âš½ Home Poland ğŸ‡µğŸ‡±; Flash Force Pattern,true,990000
com.flashforceapp.portugal,published,managed_by_android,false,en_US; National Soccer âš½ Home Portugal ğŸ‡µğŸ‡¹; Flash Force Pattern,true,990000
com.flashforceapp.republicofireland,published,managed_by_android,false,en_US; National Soccer âš½ Home Republic of Ireland ğŸ‡®ğŸ‡ª; Flash Force Pattern,true,990000
com.flashforceapp.romania,published,managed_by_android,false,en_US; National Soccer âš½ Home Romania ğŸ‡·ğŸ‡´; Flash Force Pattern,true,990000
com.flashforceapp.russia,published,managed_by_android,false,en_US; National Soccer âš½ Home Russia ğŸ‡·ğŸ‡º; Flash Force Pattern,true,990000
com.flashforceapp.sanmarino,published,managed_by_android,false,en_US; National Soccer âš½ Home San Marino ğŸ‡¸ğŸ‡²; Flash Force Pattern,true,990000
com.flashforceapp.scotland,published,managed_by_android,false,en_US; National Soccer âš½ Home Scotland; Flash Force Pattern,true,990000
com.flashforceapp.serbia,published,managed_by_android,false,en_US; National Soccer âš½ Home Serbia ğŸ‡·ğŸ‡¸; Flash Force Pattern,true,990000
com.flashforceapp.slovakia,published,managed_by_android,false,en_US; National Soccer âš½ Home Slovakia ğŸ‡¸ğŸ‡°; Flash Force Pattern,true,990000
com.flashforceapp.slovenia,published,managed_by_android,false,en_US; National Soccer âš½ Home Slovenia ğŸ‡¸ğŸ‡®; Flash Force Pattern,true,990000
com.flashforceapp.spain,published,managed_by_android,false,en_US; National Soccer âš½ Home Spain ğŸ‡ªğŸ‡¸; Flash Force Pattern,true,990000
com.flashforceapp.sweden,published,managed_by_android,false,en_US; National Soccer âš½ Home Sweden ğŸ‡¸ğŸ‡ª; Flash Force Pattern,true,990000
com.flashforceapp.switzerland,published,managed_by_android,false,en_US; National Soccer âš½ Home Switzerland ğŸ‡¨ğŸ‡­; Flash Force Pattern,true,990000
com.flashforceapp.turkey,published,managed_by_android,false,en_US; National Soccer âš½ Home Turkey ğŸ‡¹ğŸ‡·; Flash Force Pattern,true,990000
com.flashforceapp.ukraine,published,managed_by_android,false,en_US; National Soccer âš½ Home Ukraine ğŸ‡ºğŸ‡¦; Flash Force Pattern,true,990000
com.flashforceapp.wales,published,managed_by_android,false,en_US; National Soccer âš½ Home Wales; Flash Force Pattern,true,990000
com.flashforceapp.americahome,published,managed_by_android,false,en_US; Club Soccer MX ğŸ‡²ğŸ‡½ Home America; Flash Force Pattern,true,990000
com.flashforceapp.americaaway,published,managed_by_android,false,en_US; Club Soccer MX ğŸ‡²ğŸ‡½ Away America; Flash Force Pattern,true,990000
com.flashforceapp.cruzazulhome,published,managed_by_android,false,en_US; Club Soccer MX ğŸ‡²ğŸ‡½ Home Cruz Azul; Flash Force Pattern,true,990000
com.flashforceapp.cruzazulaway,published,managed_by_android,false,en_US; Club Soccer MX ğŸ‡²ğŸ‡½ Away Cruz Azul; Flash Force Pattern,true,990000
com.flashforceapp.c.d.guadalajarahome,published,managed_by_android,false,en_US; Club Soccer MX ğŸ‡²ğŸ‡½ Home C.D. Guadalajara; Flash Force Pattern,true,990000
com.flashforceapp.c.d.guadalajaraaway,published,managed_by_android,false,en_US; Club Soccer MX ğŸ‡²ğŸ‡½ Away C.D. Guadalajara; Flash Force Pattern,true,990000
com.flashforceapp.leonhome,published,managed_by_android,false,en_US; Club Soccer MX ğŸ‡²ğŸ‡½ Home Leon; Flash Force Pattern,true,990000
com.flashforceapp.leonaway,published,managed_by_android,false,en_US; Club Soccer MX ğŸ‡²ğŸ‡½ Away Leon; Flash Force Pattern,true,990000
com.flashforceapp.monterreyhome,published,managed_by_android,false,en_US; Club Soccer MX ğŸ‡²ğŸ‡½ Home Monterrey; Flash Force Pattern,true,990000
com.flashforceapp.monterreyaway,published,managed_by_android,false,en_US; Club Soccer MX ğŸ‡²ğŸ‡½ Away Monterrey; Flash Force Pattern,true,990000
com.flashforceapp.pumashome,published,managed_by_android,false,en_US; Club Soccer MX ğŸ‡²ğŸ‡½ Home Pumas; Flash Force Pattern,true,990000
com.flashforceapp.pumasaway,published,managed_by_android,false,en_US; Club Soccer MX ğŸ‡²ğŸ‡½ Away Pumas; Flash Force Pattern,true,990000
com.flashforceapp.tigresuanlhome,published,managed_by_android,false,en_US; Club Soccer MX ğŸ‡²ğŸ‡½ Home Tigres UANL; Flash Force Pattern,true,990000
com.flashforceapp.tigresuanlaway,published,managed_by_android,false,en_US; Club Soccer MX ğŸ‡²ğŸ‡½ Away Tigres UANL; Flash Force Pattern,true,990000
com.flashforceapp.tijuanahome,published,managed_by_android,false,en_US; Club Soccer MX ğŸ‡²ğŸ‡½ Home Tijuana; Flash Force Pattern,true,990000
com.flashforceapp.tijuanaaway,published,managed_by_android,false,en_US; Club Soccer MX ğŸ‡²ğŸ‡½ Away Tijuana; Flash Force Pattern,true,990000
com.flashforceapp.tolucahome,published,managed_by_android,false,en_US; Club Soccer MX ğŸ‡²ğŸ‡½ Home Toluca; Flash Force Pattern,true,990000
com.flashforceapp.tolucaaway,published,managed_by_android,false,en_US; Club Soccer MX ğŸ‡²ğŸ‡½ Away Toluca; Flash Force Pattern,true,990000
com.flashforceapp.veracruzhome,published,managed_by_android,false,en_US; Club Soccer MX ğŸ‡²ğŸ‡½ Home Veracruz; Flash Force Pattern,true,990000
com.flashforceapp.veracruzaway,published,managed_by_android,false,en_US; Club Soccer MX ğŸ‡²ğŸ‡½ Away Veracruz; Flash Force Pattern,true,990000
com.flashforceapp.borussiadortmundhome,published,managed_by_android,false,en_US; Club Soccer DE ğŸ‡©ğŸ‡ª Home Borussia Dortmund; Flash Force Pattern,true,990000
com.flashforceapp.borussiadortmundaway,published,managed_by_android,false,en_US; Club Soccer DE ğŸ‡©ğŸ‡ª Away Borussia Dortmund; Flash Force Pattern,true,990000
com.flashforceapp.borussiadortmundthird,published,managed_by_android,false,en_US; Club Soccer DE ğŸ‡©ğŸ‡ª Third Borussia Dortmund; Flash Force Pattern,true,990000
com.flashforceapp.bayernmunchenhome,published,managed_by_android,false,en_US; Club Soccer DE ğŸ‡©ğŸ‡ª Home Bayern Munchen; Flash Force Pattern,true,990000
com.flashforceapp.bayernmunchenaway,published,managed_by_android,false,en_US; Club Soccer DE ğŸ‡©ğŸ‡ª Away Bayern Munchen; Flash Force Pattern,true,990000
com.flashforceapp.bayernmunchenthird,published,managed_by_android,false,en_US; Club Soccer DE ğŸ‡©ğŸ‡ª Third Bayern Munchen; Flash Force Pattern,true,990000
com.flashforceapp.schalke04home,published,managed_by_android,false,en_US; Club Soccer DE ğŸ‡©ğŸ‡ª Home Schalke 04; Flash Force Pattern,true,990000
com.flashforceapp.schalke04away,published,managed_by_android,false,en_US; Club Soccer DE ğŸ‡©ğŸ‡ª Away Schalke 04; Flash Force Pattern,true,990000
com.flashforceapp.kolnhome,published,managed_by_android,false,en_US; Club Soccer DE ğŸ‡©ğŸ‡ª Home Koln; Flash Force Pattern,true,990000
com.flashforceapp.eintrachtfrankfurthome,published,managed_by_android,false,en_US; Club Soccer DE ğŸ‡©ğŸ‡ª Home Eintracht Frankfurt; Flash Force Pattern,true,990000
com.flashforceapp.eintrachtfrankfurtaway,published,managed_by_android,false,en_US; Club Soccer DE ğŸ‡©ğŸ‡ª Away Eintracht Frankfurt; Flash Force Pattern,true,990000
com.flashforceapp.bayerleverkusenhome,published,managed_by_android,false,en_US; Club Soccer DE ğŸ‡©ğŸ‡ª Home Bayer Leverkusen; Flash Force Pattern,true,990000
com.flashforceapp.bayerleverkusenaway,published,managed_by_android,false,en_US; Club Soccer DE ğŸ‡©ğŸ‡ª Away Bayer Leverkusen; Flash Force Pattern,true,990000
com.flashforceapp.vfbstuttgarthome,published,managed_by_android,false,en_US; Club Soccer DE ğŸ‡©ğŸ‡ª Home VfB Stuttgart; Flash Force Pattern,true,990000
com.flashforceapp.vfbstuttgartaway,published,managed_by_android,false,en_US; Club Soccer DE ğŸ‡©ğŸ‡ª Away VfB Stuttgart; Flash Force Pattern,true,990000
com.flashforceapp.vfbstuttgartthird,published,managed_by_android,false,en_US; Club Soccer DE ğŸ‡©ğŸ‡ª Third VfB Stuttgart; Flash Force Pattern,true,990000
com.flashforceapp.internazionalehome,published,managed_by_android,false,en_US; Club Soccer IT ğŸ‡®ğŸ‡¹ Home Internazionale; Flash Force Pattern,true,990000
com.flashforceapp.internazionaleaway,published,managed_by_android,false,en_US; Club Soccer IT ğŸ‡®ğŸ‡¹ Away Internazionale; Flash Force Pattern,true,990000
com.flashforceapp.fiorentinahome,published,managed_by_android,false,en_US; Club Soccer IT ğŸ‡®ğŸ‡¹ Home Fiorentina; Flash Force Pattern,true,990000
com.flashforceapp.fiorentinaaway,published,managed_by_android,false,en_US; Club Soccer IT ğŸ‡®ğŸ‡¹ Away Fiorentina; Flash Force Pattern,true,990000
com.flashforceapp.romahome,published,managed_by_android,false,en_US; Club Soccer IT ğŸ‡®ğŸ‡¹ Home Roma; Flash Force Pattern,true,990000
com.flashforceapp.romaaway,published,managed_by_android,false,en_US; Club Soccer IT ğŸ‡®ğŸ‡¹ Away Roma; Flash Force Pattern,true,990000
com.flashforceapp.palermohome,published,managed_by_android,false,en_US; Club Soccer IT ğŸ‡®ğŸ‡¹ Home Palermo; Flash Force Pattern,true,990000
com.flashforceapp.palermoaway,published,managed_by_android,false,en_US; Club Soccer IT ğŸ‡®ğŸ‡¹ Away Palermo; Flash Force Pattern,true,990000
com.flashforceapp.a.c.milanhome,published,managed_by_android,false,en_US; Club Soccer IT ğŸ‡®ğŸ‡¹ Home A.C. Milan; Flash Force Pattern,true,990000
com.flashforceapp.a.c.milanaway,published,managed_by_android,false,en_US; Club Soccer IT ğŸ‡®ğŸ‡¹ Away A.C. Milan; Flash Force Pattern,true,990000
com.flashforceapp.laziohome,published,managed_by_android,false,en_US; Club Soccer IT ğŸ‡®ğŸ‡¹ Home Lazio; Flash Force Pattern,true,990000
com.flashforceapp.lazioaway,published,managed_by_android,false,en_US; Club Soccer IT ğŸ‡®ğŸ‡¹ Away Lazio; Flash Force Pattern,true,990000
com.flashforceapp.napolihome,published,managed_by_android,false,en_US; Club Soccer IT ğŸ‡®ğŸ‡¹ Home Napoli; Flash Force Pattern,true,990000
com.flashforceapp.napoliaway,published,managed_by_android,false,en_US; Club Soccer IT ğŸ‡®ğŸ‡¹ Away Napoli; Flash Force Pattern,true,990000
com.flashforceapp.juventushome,published,managed_by_android,false,en_US; Club Soccer IT ğŸ‡®ğŸ‡¹ Home Juventus; Flash Force Pattern,true,990000
com.flashforceapp.juventusaway,published,managed_by_android,false,en_US; Club Soccer IT ğŸ‡®ğŸ‡¹ Away Juventus; Flash Force Pattern,true,990000
com.flashforceapp.bolognahome,published,managed_by_android,false,en_US; Club Soccer IT ğŸ‡®ğŸ‡¹ Home Bologna; Flash Force Pattern,true,990000
com.flashforceapp.bolognaaway,published,managed_by_android,false,en_US; Club Soccer IT ğŸ‡®ğŸ‡¹ Away Bologna; Flash Force Pattern,true,990000
com.flashforceapp.barcelonahome,published,managed_by_android,false,en_US; Club Soccer ES ğŸ‡ªğŸ‡¸ Home Barcelona; Flash Force Pattern,true,990000
com.flashforceapp.barcelonaaway,published,managed_by_android,false,en_US; Club Soccer ES ğŸ‡ªğŸ‡¸ Away Barcelona; Flash Force Pattern,true,990000
com.flashforceapp.villarealhome,published,managed_by_android,false,en_US; Club Soccer ES ğŸ‡ªğŸ‡¸ Home Villareal; Flash Force Pattern,true,990000
com.flashforceapp.celtadevigoaway,published,managed_by_android,false,en_US; Club Soccer ES ğŸ‡ªğŸ‡¸ Away Celta de Vigo; Flash Force Pattern,true,990000
com.flashforceapp.espanyolhome,published,managed_by_android,false,en_US; Club Soccer ES ğŸ‡ªğŸ‡¸ Home Espanyol; Flash Force Pattern,true,990000
com.flashforceapp.espanyolaway,published,managed_by_android,false,en_US; Club Soccer ES ğŸ‡ªğŸ‡¸ Away Espanyol; Flash Force Pattern,true,990000
com.flashforceapp.deportivolacorunahome,published,managed_by_android,false,en_US; Club Soccer ES ğŸ‡ªğŸ‡¸ Home Deportivo La Coruna; Flash Force Pattern,true,990000
com.flashforceapp.deportivolacorunaaway,published,managed_by_android,false,en_US; Club Soccer ES ğŸ‡ªğŸ‡¸ Away Deportivo La Coruna; Flash Force Pattern,true,990000
com.flashforceapp.sportinggijonhome,published,managed_by_android,false,en_US; Club Soccer ES ğŸ‡ªğŸ‡¸ Home Sporting Gijon; Flash Force Pattern,true,990000
com.flashforceapp.sportinggijonaway,published,managed_by_android,false,en_US; Club Soccer ES ğŸ‡ªğŸ‡¸ Away Sporting Gijon; Flash Force Pattern,true,990000
com.flashforceapp.realbetishome,published,managed_by_android,false,en_US; Club Soccer ES ğŸ‡ªğŸ‡¸ Home Real Betis; Flash Force Pattern,true,990000
com.flashforceapp.athleticbilbaohome,published,managed_by_android,false,en_US; Club Soccer ES ğŸ‡ªğŸ‡¸ Home Athletic Bilbao; Flash Force Pattern,true,990000
com.flashforceapp.athleticbilbaoaway,published,managed_by_android,false,en_US; Club Soccer ES ğŸ‡ªğŸ‡¸ Away Athletic Bilbao; Flash Force Pattern,true,990000
com.flashforceapp.realsociedadhome,published,managed_by_android,false,en_US; Club Soccer ES ğŸ‡ªğŸ‡¸ Home Real Sociedad; Flash Force Pattern,true,990000
com.flashforceapp.fluminensefchome,published,managed_by_android,false,en_US; Club Soccer BR ğŸ‡§ğŸ‡· Home Fluminense FC; Flash Force Pattern,true,990000
com.flashforceapp.fluminensefcaway,published,managed_by_android,false,en_US; Club Soccer BR ğŸ‡§ğŸ‡· Away Fluminense FC; Flash Force Pattern,true,990000
com.flashforceapp.cruzeiroechome,published,managed_by_android,false,en_US; Club Soccer BR ğŸ‡§ğŸ‡· Home Cruzeiro EC; Flash Force Pattern,true,990000
com.flashforceapp.cruzeiroecaway,published,managed_by_android,false,en_US; Club Soccer BR ğŸ‡§ğŸ‡· Away Cruzeiro EC; Flash Force Pattern,true,990000
com.flashforceapp.vascodagamahome,published,managed_by_android,false,en_US; Club Soccer BR ğŸ‡§ğŸ‡· Home Vasco da Gama; Flash Force Pattern,true,990000
com.flashforceapp.vascodagamaaway,published,managed_by_android,false,en_US; Club Soccer BR ğŸ‡§ğŸ‡· Away Vasco da Gama; Flash Force Pattern,true,990000
com.flashforceapp.gremiofootballportoalegrensehome,published,managed_by_android,false,en_US; Club Soccer BR ğŸ‡§ğŸ‡· Home Gremio Foot Ball Porto Al; Flash Force Pattern,true,990000
com.flashforceapp.gremiofootballportoalegrenseaway,published,managed_by_android,false,en_US; Club Soccer BR ğŸ‡§ğŸ‡· Away Gremio Foot Ball Porto Al; Flash Force Pattern,true,990000
com.flashforceapp.sccorinthiaspaulistahome,published,managed_by_android,false,en_US; Club Soccer BR ğŸ‡§ğŸ‡· Home SC Corinthias Paulista ; Flash Force Pattern,true,990000
com.flashforceapp.crflamengohome,published,managed_by_android,false,en_US; Club Soccer BR ğŸ‡§ğŸ‡· Home CR Flamengo; Flash Force Pattern,true,990000
com.flashforceapp.crflamengoaway,published,managed_by_android,false,en_US; Club Soccer BR ğŸ‡§ğŸ‡· Away CR Flamengo; Flash Force Pattern,true,990000
com.flashforceapp.sepalmeirashome,published,managed_by_android,false,en_US; Club Soccer BR ğŸ‡§ğŸ‡· Home SE Palmeiras; Flash Force Pattern,true,990000
com.flashforceapp.sepalmeirasaway,published,managed_by_android,false,en_US; Club Soccer BR ğŸ‡§ğŸ‡· Away SE Palmeiras; Flash Force Pattern,true,990000
com.flashforceapp.scinternacionalhome,published,managed_by_android,false,en_US; Club Soccer BR ğŸ‡§ğŸ‡· Home SC Internacional; Flash Force Pattern,true,990000
com.flashforceapp.scinternacionalaway,published,managed_by_android,false,en_US; Club Soccer BR ğŸ‡§ğŸ‡· Away SC Internacional; Flash Force Pattern,true,990000
com.flashforceapp.santosfchome,published,managed_by_android,false,en_US; Club Soccer BR ğŸ‡§ğŸ‡· Home Santos FC; Flash Force Pattern,true,990000
com.flashforceapp.santosfcaway,published,managed_by_android,false,en_US; Club Soccer BR ğŸ‡§ğŸ‡· Away Santos FC; Flash Force Pattern,true,990000
com.flashforceapp.saopaulofchome,published,managed_by_android,false,en_US; Club Soccer BR ğŸ‡§ğŸ‡· Home Sao Paulo FC; Flash Force Pattern,true,990000
com.flashforceapp.saopaulofcaway,published,managed_by_android,false,en_US; Club Soccer BR ğŸ‡§ğŸ‡· Away Sao Paulo FC; Flash Force Pattern,true,990000
com.flashforceapp.bocajuniorshome,published,managed_by_android,false,en_US; Club Soccer AR ğŸ‡¦ğŸ‡· Home Boca Juniors; Flash Force Pattern,true,990000
com.flashforceapp.bocajuniorsaway,published,managed_by_android,false,en_US; Club Soccer AR ğŸ‡¦ğŸ‡· Away Boca Juniors; Flash Force Pattern,true,990000
com.flashforceapp.sanlorenzohome,published,managed_by_android,false,en_US; Club Soccer AR ğŸ‡¦ğŸ‡· Home San Lorenzo; Flash Force Pattern,true,990000
com.flashforceapp.sanlorenzoaway,published,managed_by_android,false,en_US; Club Soccer AR ğŸ‡¦ğŸ‡· Away San Lorenzo; Flash Force Pattern,true,990000
com.flashforceapp.rosariocentralhome,published,managed_by_android,false,en_US; Club Soccer AR ğŸ‡¦ğŸ‡· Home Rosario Central; Flash Force Pattern,true,990000
com.flashforceapp.rosariocentralaway,published,managed_by_android,false,en_US; Club Soccer AR ğŸ‡¦ğŸ‡· Away Rosario Central; Flash Force Pattern,true,990000
com.flashforceapp.independientehome,published,managed_by_android,false,en_US; Club Soccer AR ğŸ‡¦ğŸ‡· Home Independiente; Flash Force Pattern,true,990000
com.flashforceapp.independienteaway,published,managed_by_android,false,en_US; Club Soccer AR ğŸ‡¦ğŸ‡· Away Independiente; Flash Force Pattern,true,990000
com.flashforceapp.racingclubhome,published,managed_by_android,false,en_US; Club Soccer AR ğŸ‡¦ğŸ‡· Home Racing Club; Flash Force Pattern,true,990000
com.flashforceapp.racingclubaway,published,managed_by_android,false,en_US; Club Soccer AR ğŸ‡¦ğŸ‡· Away Racing Club; Flash Force Pattern,true,990000
com.flashforceapp.riverplatehome,published,managed_by_android,false,en_US; Club Soccer AR ğŸ‡¦ğŸ‡· Home River Plate; Flash Force Pattern,true,990000
com.flashforceapp.riverplateaway,published,managed_by_android,false,en_US; Club Soccer AR ğŸ‡¦ğŸ‡· Away River Plate; Flash Force Pattern,true,990000
com.flashforceapp.estudianteslaplatahome,published,managed_by_android,false,en_US; Club Soccer AR ğŸ‡¦ğŸ‡· Home Estudiantes La Plata; Flash Force Pattern,true,990000
com.flashforceapp.estudianteslaplataaway,published,managed_by_android,false,en_US; Club Soccer AR ğŸ‡¦ğŸ‡· Away Estudiantes La Plata; Flash Force Pattern,true,990000
com.flashforceapp.newellsoldboyshome,published,managed_by_android,false,en_US; Club Soccer AR ğŸ‡¦ğŸ‡· Home Newells Old Boys; Flash Force Pattern,true,990000
com.flashforceapp.newellsoldboysaway,published,managed_by_android,false,en_US; Club Soccer AR ğŸ‡¦ğŸ‡· Away Newells Old Boys; Flash Force Pattern,true,990000
com.flashforceapp.argentinosjuniorshome,published,managed_by_android,false,en_US; Club Soccer AR ğŸ‡¦ğŸ‡· Home Argentinos Juniors; Flash Force Pattern,true,990000
com.flashforceapp.argentinosjuniorsaway,published,managed_by_android,false,en_US; Club Soccer AR ğŸ‡¦ğŸ‡· Away Argentinos Juniors; Flash Force Pattern,true,990000
com.flashforceapp.velezsarfieldhome,published,managed_by_android,false,en_US; Club Soccer AR ğŸ‡¦ğŸ‡· Home Velez Sarfield; Flash Force Pattern,true,990000
com.flashforceapp.velezsarfieldaway,published,managed_by_android,false,en_US; Club Soccer AR ğŸ‡¦ğŸ‡· Away Velez Sarfield; Flash Force Pattern,true,990000
com.flashforceapp.democraticpartystandard,published,managed_by_android,false,en_US; USA Causes ğŸ‡ºğŸ‡¸ Standard Democratic Party; Flash Force Pattern,true,990000
com.flashforceapp.republicanpartystandard,published,managed_by_android,false,en_US; USA Causes ğŸ‡ºğŸ‡¸ Standard Republican Party; Flash Force Pattern,true,990000
com.flashforceapp.libertarianpartystandard,published,managed_by_android,false,en_US; USA Causes ğŸ‡ºğŸ‡¸ Standard Libertarian Party; Flash Force Pattern,true,990000
com.flashforceapp.greenpartystandard,published,managed_by_android,false,en_US; USA Causes ğŸ‡ºğŸ‡¸ Standard Green Party; Flash Force Pattern,true,990000
com.flashforceapp.californiahighschoolsranchobuenavista,published,managed_by_android,false,en_US; Schools ğŸ“ Rancho Buena Vista California High School; Flash Force Pattern,true,990000
com.flashforceapp.californiahighschoolsvista,published,managed_by_android,false,en_US; Schools ğŸ“ Vista California High Schools; Flash Force Pattern,true,990000
com.flashforceapp.californiahighschoolsoceanside,published,managed_by_android,false,en_US; Schools ğŸ“ Oceanside California High Schools; Flash Force Pattern,true,990000
com.flashforceapp.californiahighschoolselcamino,published,managed_by_android,false,en_US; Schools ğŸ“ El Camino California High Schools; Flash Force Pattern,true,990000
com.flashforceapp.californiahighschoolscarlsbad,published,managed_by_android,false,en_US; Schools ğŸ“ Carlsbad California High Schools; Flash Force Pattern,true,990000
com.flashforceapp.californiahighschoolshthnorthcounty,published,managed_by_android,false,en_US; Schools ğŸ“ HTH North County California High Schools; Flash Force Pattern,true,990000
com.flashforceapp.californiahighschoolssanmarcos,published,managed_by_android,false,en_US; Schools ğŸ“ San Marcos California High Schools; Flash Force Pattern,true,990000
com.flashforceapp.californiahighschoolsescondido,published,managed_by_android,false,en_US; Schools ğŸ“ Escondido California High Schools; Flash Force Pattern,true,990000
com.flashforceapp.californiahighschoolsorangeglen,published,managed_by_android,false,en_US; Schools ğŸ“ Orange Glen California High Schools; Flash Force Pattern,true,990000
com.flashforceapp.californiahighschoolslacostacanyon,published,managed_by_android,false,en_US; Schools ğŸ“ La Costa Canyon California High Schools; Flash Force Pattern,true,990000
com.flashforceapp.californiahighschoolspoway,published,managed_by_android,false,en_US; Schools ğŸ“ Poway California High Schools; Flash Force Pattern,true,990000
com.flashforceapp.californiahighschoolsranchobernardo,published,managed_by_android,false,en_US; Schools ğŸ“ Rancho Bernardo California High Schools; Flash Force Pattern,true,990000
